{
  "version": 3,
  "targets": {
    ".NETFramework,Version=v4.6.1": {
      "AvalonEdit/5.0.3": {
        "type": "package",
        "compile": {
          "lib/Net40/_._": {}
        },
        "runtime": {
          "lib/Net40/ICSharpCode.AvalonEdit.dll": {}
        }
      },
      "BouncyCastle/1.8.5": {
        "type": "package",
        "compile": {
          "lib/_._": {}
        },
        "runtime": {
          "lib/BouncyCastle.Crypto.dll": {}
        }
      },
      "ClosedXML/0.94.2": {
        "type": "package",
        "dependencies": {
          "DocumentFormat.OpenXml": "2.7.2",
          "ExcelNumberFormat": "1.0.3",
          "FastMember": "1.3.0"
        },
        "frameworkAssemblies": [
          "WindowsBase"
        ],
        "compile": {
          "lib/net46/_._": {}
        },
        "runtime": {
          "lib/net46/ClosedXML.dll": {}
        }
      },
      "CsvHelper/2.13.5": {
        "type": "package",
        "compile": {
          "lib/net40-client/_._": {}
        },
        "runtime": {
          "lib/net40-client/CsvHelper.dll": {}
        }
      },
      "DocumentFormat.OpenXml/2.7.2": {
        "type": "package",
        "dependencies": {
          "System.IO.Packaging": "4.0.0"
        },
        "compile": {
          "lib/net46/_._": {}
        },
        "runtime": {
          "lib/net46/DocumentFormat.OpenXml.dll": {}
        }
      },
      "ExcelNumberFormat/1.0.3": {
        "type": "package",
        "compile": {
          "lib/net20/_._": {}
        },
        "runtime": {
          "lib/net20/ExcelNumberFormat.dll": {}
        }
      },
      "FastMember/1.3.0": {
        "type": "package",
        "frameworkAssemblies": [
          "Microsoft.CSharp",
          "System",
          "System.Data"
        ],
        "compile": {
          "lib/net45/_._": {}
        },
        "runtime": {
          "lib/net45/FastMember.dll": {}
        }
      },
      "interop.domino.dll/1.0.0": {
        "type": "package",
        "compile": {
          "lib/_._": {}
        },
        "runtime": {
          "lib/Interop.Domino.dll": {}
        }
      },
      "Microsoft.AspNet.SignalR.Client/2.4.0": {
        "type": "package",
        "dependencies": {
          "Newtonsoft.Json": "6.0.4"
        },
        "frameworkAssemblies": [
          "System.Net.Http",
          "System.Net.Http.WebRequest"
        ],
        "compile": {
          "lib/net45/_._": {}
        },
        "runtime": {
          "lib/net45/Microsoft.AspNet.SignalR.Client.dll": {}
        }
      },
      "Microsoft.Exchange.WebServices/2.2.0": {
        "type": "package",
        "compile": {
          "lib/40/_._": {}
        },
        "runtime": {
          "lib/40/Microsoft.Exchange.WebServices.Auth.dll": {},
          "lib/40/Microsoft.Exchange.WebServices.dll": {}
        }
      },
      "Microsoft.Graph/1.12.0": {
        "type": "package",
        "dependencies": {
          "Microsoft.Graph.Core": "1.12.0",
          "Newtonsoft.Json": "[6.0.1, 12.0.0)"
        },
        "frameworkAssemblies": [
          "Microsoft.CSharp",
          "System",
          "System.Net.Http"
        ],
        "compile": {
          "lib/net45/_._": {}
        },
        "runtime": {
          "lib/net45/Microsoft.Graph.dll": {}
        }
      },
      "Microsoft.Graph.Core/1.12.0": {
        "type": "package",
        "dependencies": {
          "Newtonsoft.Json": "[6.0.1, 12.0.0)"
        },
        "frameworkAssemblies": [
          "Microsoft.CSharp",
          "System",
          "System.Net.Http"
        ],
        "compile": {
          "lib/net45/_._": {}
        },
        "runtime": {
          "lib/net45/Microsoft.Graph.Core.dll": {}
        }
      },
      "Microsoft.Identity.Client/2.7.1": {
        "type": "package",
        "frameworkAssemblies": [
          "Microsoft.CSharp",
          "System",
          "System.Core",
          "System.Data",
          "System.Data.DataSetExtensions",
          "System.Drawing",
          "System.IdentityModel",
          "System.Net.Http",
          "System.Windows.Forms",
          "System.Xml",
          "System.Xml.Linq"
        ],
        "compile": {
          "ref/net45/_._": {}
        },
        "runtime": {
          "lib/net45/Microsoft.Identity.Client.dll": {}
        }
      },
      "Microsoft.Rest.ClientRuntime/2.3.20": {
        "type": "package",
        "dependencies": {
          "Newtonsoft.Json": "10.0.3"
        },
        "frameworkAssemblies": [
          "System.Net",
          "System.Net.Http",
          "System.Net.Http.WebRequest",
          "System.Runtime",
          "System.Runtime.Serialization"
        ],
        "compile": {
          "lib/net461/_._": {}
        },
        "runtime": {
          "lib/net461/Microsoft.Rest.ClientRuntime.dll": {}
        }
      },
      "Microsoft.VisualStudio.OLE.Interop/7.10.6071": {
        "type": "package",
        "compile": {
          "lib/_._": {}
        },
        "runtime": {
          "lib/Microsoft.VisualStudio.OLE.Interop.dll": {}
        }
      },
      "MimeKit/2.1.3": {
        "type": "package",
        "dependencies": {
          "BouncyCastle": "1.8.2"
        },
        "frameworkAssemblies": [
          "System",
          "System.Core",
          "System.Data",
          "System.Net.Http",
          "System.Security"
        ],
        "compile": {
          "lib/net45/_._": {}
        },
        "runtime": {
          "lib/net45/MimeKit.dll": {}
        }
      },
      "Newtonsoft.Json/11.0.2": {
        "type": "package",
        "compile": {
          "lib/net45/_._": {}
        },
        "runtime": {
          "lib/net45/Newtonsoft.Json.dll": {}
        }
      },
      "NPOI/2.4.1": {
        "type": "package",
        "dependencies": {
          "SharpZipLib": "1.0.0"
        },
        "compile": {
          "lib/net45/_._": {}
        },
        "runtime": {
          "lib/net45/NPOI.OOXML.dll": {},
          "lib/net45/NPOI.OpenXml4Net.dll": {},
          "lib/net45/NPOI.OpenXmlFormats.dll": {},
          "lib/net45/NPOI.dll": {}
        }
      },
      "RestSharp/106.3.1": {
        "type": "package",
        "frameworkAssemblies": [
          "System.Web"
        ],
        "compile": {
          "lib/net452/_._": {}
        },
        "runtime": {
          "lib/net452/RestSharp.dll": {}
        }
      },
      "SharpZipLib/1.0.0": {
        "type": "package",
        "compile": {
          "lib/net45/_._": {}
        },
        "runtime": {
          "lib/net45/ICSharpCode.SharpZipLib.dll": {}
        }
      },
      "System.IO.FileSystem.Primitives/4.0.1": {
        "type": "package",
        "frameworkAssemblies": [
          "mscorlib"
        ],
        "compile": {
          "ref/net46/_._": {}
        },
        "runtime": {
          "lib/net46/System.IO.FileSystem.Primitives.dll": {}
        }
      },
      "System.IO.Packaging/4.0.0": {
        "type": "package",
        "dependencies": {
          "System.IO.FileSystem.Primitives": "4.0.1"
        },
        "frameworkAssemblies": [
          "WindowsBase",
          "mscorlib"
        ],
        "compile": {
          "ref/net46/_._": {}
        },
        "runtime": {
          "lib/net46/System.IO.Packaging.dll": {}
        }
      },
      "System.Runtime.CompilerServices.Unsafe/4.5.2": {
        "type": "package",
        "compile": {
          "ref/netstandard2.0/_._": {}
        },
        "runtime": {
          "lib/netstandard2.0/System.Runtime.CompilerServices.Unsafe.dll": {}
        }
      },
      "System.ValueTuple/4.5.0": {
        "type": "package",
        "frameworkAssemblies": [
          "System",
          "mscorlib"
        ],
        "compile": {
          "ref/net461/_._": {}
        },
        "runtime": {
          "lib/net461/System.ValueTuple.dll": {}
        }
      },
      "UiPath.CefSharpBundle/1.2.0": {
        "type": "package",
        "compile": {
          "lib/net452/_._": {}
        },
        "runtime": {
          "lib/net452/CefSharp.Core.dll": {},
          "lib/net452/CefSharp.Wpf.dll": {},
          "lib/net452/CefSharp.dll": {}
        },
        "build": {
          "build/_._": {}
        }
      },
      "UiPath.Excel.Activities/2.8.5": {
        "type": "package",
        "dependencies": {
          "ClosedXML": "0.87.1",
          "CsvHelper": "2.13.5",
          "DocumentFormat.OpenXml": "2.5.0",
          "Microsoft.VisualStudio.OLE.Interop": "7.10.6071",
          "NPOI": "2.4.1",
          "SharpZipLib": "1.0.0"
        },
        "compile": {
          "lib/net461/_._": {}
        },
        "runtime": {
          "lib/net461/UiPath.Excel.Activities.Design.dll": {},
          "lib/net461/UiPath.Excel.Activities.dll": {},
          "lib/net461/UiPath.Excel.dll": {}
        },
        "resource": {
          "lib/net461/de/UiPath.Excel.Activities.Design.resources.dll": {
            "locale": "de"
          },
          "lib/net461/de/UiPath.Excel.Activities.resources.dll": {
            "locale": "de"
          },
          "lib/net461/de/UiPath.Excel.resources.dll": {
            "locale": "de"
          },
          "lib/net461/es-MX/UiPath.Excel.Activities.Design.resources.dll": {
            "locale": "es-MX"
          },
          "lib/net461/es-MX/UiPath.Excel.Activities.resources.dll": {
            "locale": "es-MX"
          },
          "lib/net461/es-MX/UiPath.Excel.resources.dll": {
            "locale": "es-MX"
          },
          "lib/net461/es/UiPath.Excel.Activities.Design.resources.dll": {
            "locale": "es"
          },
          "lib/net461/es/UiPath.Excel.Activities.resources.dll": {
            "locale": "es"
          },
          "lib/net461/es/UiPath.Excel.resources.dll": {
            "locale": "es"
          },
          "lib/net461/fr/UiPath.Excel.Activities.Design.resources.dll": {
            "locale": "fr"
          },
          "lib/net461/fr/UiPath.Excel.Activities.resources.dll": {
            "locale": "fr"
          },
          "lib/net461/fr/UiPath.Excel.resources.dll": {
            "locale": "fr"
          },
          "lib/net461/ja/UiPath.Excel.Activities.Design.resources.dll": {
            "locale": "ja"
          },
          "lib/net461/ja/UiPath.Excel.Activities.resources.dll": {
            "locale": "ja"
          },
          "lib/net461/ja/UiPath.Excel.resources.dll": {
            "locale": "ja"
          },
          "lib/net461/ko/UiPath.Excel.Activities.Design.resources.dll": {
            "locale": "ko"
          },
          "lib/net461/ko/UiPath.Excel.Activities.resources.dll": {
            "locale": "ko"
          },
          "lib/net461/ko/UiPath.Excel.resources.dll": {
            "locale": "ko"
          },
          "lib/net461/pt-BR/UiPath.Excel.Activities.Design.resources.dll": {
            "locale": "pt-BR"
          },
          "lib/net461/pt-BR/UiPath.Excel.Activities.resources.dll": {
            "locale": "pt-BR"
          },
          "lib/net461/pt-BR/UiPath.Excel.resources.dll": {
            "locale": "pt-BR"
          },
          "lib/net461/pt/UiPath.Excel.Activities.Design.resources.dll": {
            "locale": "pt"
          },
          "lib/net461/pt/UiPath.Excel.Activities.resources.dll": {
            "locale": "pt"
          },
          "lib/net461/pt/UiPath.Excel.resources.dll": {
            "locale": "pt"
          },
          "lib/net461/ru/UiPath.Excel.Activities.Design.resources.dll": {
            "locale": "ru"
          },
          "lib/net461/ru/UiPath.Excel.Activities.resources.dll": {
            "locale": "ru"
          },
          "lib/net461/ru/UiPath.Excel.resources.dll": {
            "locale": "ru"
          },
          "lib/net461/tr/UiPath.Excel.Activities.Design.resources.dll": {
            "locale": "tr"
          },
          "lib/net461/tr/UiPath.Excel.Activities.resources.dll": {
            "locale": "tr"
          },
          "lib/net461/tr/UiPath.Excel.resources.dll": {
            "locale": "tr"
          },
          "lib/net461/zh-CN/UiPath.Excel.Activities.Design.resources.dll": {
            "locale": "zh-CN"
          },
          "lib/net461/zh-CN/UiPath.Excel.Activities.resources.dll": {
            "locale": "zh-CN"
          },
          "lib/net461/zh-CN/UiPath.Excel.resources.dll": {
            "locale": "zh-CN"
          }
        }
      },
      "UiPath.FormActivityLibrary/1.1.2": {
        "type": "package",
        "dependencies": {
          "Newtonsoft.Json": "11.0.2",
          "System.Runtime.CompilerServices.Unsafe": "4.5.2",
          "System.ValueTuple": "4.5.0",
          "UiPath.CefSharpBundle": "1.2.0",
          "UiPath.FormActivityLibrary.Contracts": "1.1.1"
        },
        "compile": {
          "lib/net461/_._": {}
        },
        "runtime": {
          "lib/net461/UiPath.Form.ActivityLibrary.dll": {},
          "lib/net461/UiPath.Form.Host.Local.dll": {},
          "lib/net461/UiPath.Form.dll": {},
          "lib/net461/UiPath.OutOfProcessUi.Common.dll": {},
          "lib/net461/UiPath.OutOfProcessUi.Host.WCF.exe": {}
        },
        "resource": {
          "lib/net461/de/UiPath.Form.Host.Local.resources.dll": {
            "locale": "de"
          },
          "lib/net461/es-MX/UiPath.Form.Host.Local.resources.dll": {
            "locale": "es-MX"
          },
          "lib/net461/es/UiPath.Form.Host.Local.resources.dll": {
            "locale": "es"
          },
          "lib/net461/fr/UiPath.Form.Host.Local.resources.dll": {
            "locale": "fr"
          },
          "lib/net461/ja/UiPath.Form.Host.Local.resources.dll": {
            "locale": "ja"
          },
          "lib/net461/ko/UiPath.Form.Host.Local.resources.dll": {
            "locale": "ko"
          },
          "lib/net461/pt-BR/UiPath.Form.Host.Local.resources.dll": {
            "locale": "pt-BR"
          },
          "lib/net461/pt/UiPath.Form.Host.Local.resources.dll": {
            "locale": "pt"
          },
          "lib/net461/ru/UiPath.Form.Host.Local.resources.dll": {
            "locale": "ru"
          },
          "lib/net461/tr/UiPath.Form.Host.Local.resources.dll": {
            "locale": "tr"
          },
          "lib/net461/zh-CN/UiPath.Form.Host.Local.resources.dll": {
            "locale": "zh-CN"
          }
        }
      },
      "UiPath.FormActivityLibrary.Contracts/1.1.1": {
        "type": "package",
        "compile": {
          "lib/net461/_._": {}
        },
        "runtime": {
          "lib/net461/UiPath.Form.ActivityLibrary.Contracts.dll": {}
        }
      },
      "UiPath.Mail.Activities/1.8.5": {
        "type": "package",
        "dependencies": {
          "BouncyCastle": "1.8.5",
          "Microsoft.Exchange.WebServices": "2.2.0",
          "System.ValueTuple": "4.5.0",
          "interop.domino.dll": "1.0.0"
        },
        "compile": {
          "lib/net461/_._": {}
        },
        "runtime": {
          "lib/net461/MailKit.dll": {},
          "lib/net461/MimeKit.dll": {},
          "lib/net461/UiPath.Mail.Activities.Design.dll": {},
          "lib/net461/UiPath.Mail.Activities.dll": {},
          "lib/net461/UiPath.Mail.dll": {}
        },
        "resource": {
          "lib/net461/de/UiPath.Mail.Activities.Design.resources.dll": {
            "locale": "de"
          },
          "lib/net461/de/UiPath.Mail.Activities.resources.dll": {
            "locale": "de"
          },
          "lib/net461/de/UiPath.Mail.resources.dll": {
            "locale": "de"
          },
          "lib/net461/es-MX/UiPath.Mail.Activities.Design.resources.dll": {
            "locale": "es-MX"
          },
          "lib/net461/es-MX/UiPath.Mail.Activities.resources.dll": {
            "locale": "es-MX"
          },
          "lib/net461/es-MX/UiPath.Mail.resources.dll": {
            "locale": "es-MX"
          },
          "lib/net461/es/UiPath.Mail.Activities.Design.resources.dll": {
            "locale": "es"
          },
          "lib/net461/es/UiPath.Mail.Activities.resources.dll": {
            "locale": "es"
          },
          "lib/net461/es/UiPath.Mail.resources.dll": {
            "locale": "es"
          },
          "lib/net461/fr/UiPath.Mail.Activities.Design.resources.dll": {
            "locale": "fr"
          },
          "lib/net461/fr/UiPath.Mail.Activities.resources.dll": {
            "locale": "fr"
          },
          "lib/net461/fr/UiPath.Mail.resources.dll": {
            "locale": "fr"
          },
          "lib/net461/ja/UiPath.Mail.Activities.Design.resources.dll": {
            "locale": "ja"
          },
          "lib/net461/ja/UiPath.Mail.Activities.resources.dll": {
            "locale": "ja"
          },
          "lib/net461/ja/UiPath.Mail.resources.dll": {
            "locale": "ja"
          },
          "lib/net461/ko/UiPath.Mail.Activities.Design.resources.dll": {
            "locale": "ko"
          },
          "lib/net461/ko/UiPath.Mail.Activities.resources.dll": {
            "locale": "ko"
          },
          "lib/net461/ko/UiPath.Mail.resources.dll": {
            "locale": "ko"
          },
          "lib/net461/pt-BR/UiPath.Mail.Activities.Design.resources.dll": {
            "locale": "pt-BR"
          },
          "lib/net461/pt-BR/UiPath.Mail.Activities.resources.dll": {
            "locale": "pt-BR"
          },
          "lib/net461/pt-BR/UiPath.Mail.resources.dll": {
            "locale": "pt-BR"
          },
          "lib/net461/pt/UiPath.Mail.Activities.Design.resources.dll": {
            "locale": "pt"
          },
          "lib/net461/pt/UiPath.Mail.Activities.resources.dll": {
            "locale": "pt"
          },
          "lib/net461/pt/UiPath.Mail.resources.dll": {
            "locale": "pt"
          },
          "lib/net461/ru/UiPath.Mail.Activities.Design.resources.dll": {
            "locale": "ru"
          },
          "lib/net461/ru/UiPath.Mail.Activities.resources.dll": {
            "locale": "ru"
          },
          "lib/net461/ru/UiPath.Mail.resources.dll": {
            "locale": "ru"
          },
          "lib/net461/tr/UiPath.Mail.Activities.Design.resources.dll": {
            "locale": "tr"
          },
          "lib/net461/tr/UiPath.Mail.Activities.resources.dll": {
            "locale": "tr"
          },
          "lib/net461/tr/UiPath.Mail.resources.dll": {
            "locale": "tr"
          },
          "lib/net461/zh-CN/UiPath.Mail.Activities.Design.resources.dll": {
            "locale": "zh-CN"
          },
          "lib/net461/zh-CN/UiPath.Mail.Activities.resources.dll": {
            "locale": "zh-CN"
          },
          "lib/net461/zh-CN/UiPath.Mail.resources.dll": {
            "locale": "zh-CN"
          }
        }
      },
      "UiPath.MicrosoftOffice365.Activities/1.2.1": {
        "type": "package",
        "dependencies": {
          "BouncyCastle": "1.8.2",
          "ClosedXML": "0.94.2",
          "DocumentFormat.OpenXml": "2.7.2",
          "ExcelNumberFormat": "1.0.3",
          "FastMember": "1.3.0",
          "Microsoft.Graph": "1.12.0",
          "Microsoft.Graph.Core": "1.12.0",
          "Microsoft.Identity.Client": "2.7.1",
          "MimeKit": "2.1.3",
          "Newtonsoft.Json": "10.0.3",
          "System.IO.FileSystem.Primitives": "4.0.1",
          "System.IO.Packaging": "4.0.0",
          "System.Runtime.CompilerServices.Unsafe": "4.5.1"
        },
        "frameworkAssemblies": [
          "PresentationCore",
          "PresentationFramework",
          "System",
          "System.Activities",
          "System.Activities.Core.Presentation",
          "System.Activities.Presentation",
          "System.Core",
          "System.Data",
          "System.Xaml",
          "System.Xml",
          "WindowsBase"
        ],
        "compile": {
          "lib/net461/_._": {}
        },
        "runtime": {
          "lib/net461/UiPath.MicrosoftOffice365.Activities.Design.dll": {},
          "lib/net461/UiPath.MicrosoftOffice365.Activities.dll": {},
          "lib/net461/UiPath.MicrosoftOffice365.dll": {}
        },
        "resource": {
          "lib/net461/de/UiPath.MicrosoftOffice365.Activities.Design.resources.dll": {
            "locale": "de"
          },
          "lib/net461/de/UiPath.MicrosoftOffice365.Activities.resources.dll": {
            "locale": "de"
          },
          "lib/net461/es-MX/UiPath.MicrosoftOffice365.Activities.Design.resources.dll": {
            "locale": "es-MX"
          },
          "lib/net461/es-MX/UiPath.MicrosoftOffice365.Activities.resources.dll": {
            "locale": "es-MX"
          },
          "lib/net461/es/UiPath.MicrosoftOffice365.Activities.Design.resources.dll": {
            "locale": "es"
          },
          "lib/net461/es/UiPath.MicrosoftOffice365.Activities.resources.dll": {
            "locale": "es"
          },
          "lib/net461/fr/UiPath.MicrosoftOffice365.Activities.Design.resources.dll": {
            "locale": "fr"
          },
          "lib/net461/fr/UiPath.MicrosoftOffice365.Activities.resources.dll": {
            "locale": "fr"
          },
          "lib/net461/ja/UiPath.MicrosoftOffice365.Activities.Design.resources.dll": {
            "locale": "ja"
          },
          "lib/net461/ja/UiPath.MicrosoftOffice365.Activities.resources.dll": {
            "locale": "ja"
          },
          "lib/net461/ko/UiPath.MicrosoftOffice365.Activities.Design.resources.dll": {
            "locale": "ko"
          },
          "lib/net461/ko/UiPath.MicrosoftOffice365.Activities.resources.dll": {
            "locale": "ko"
          },
          "lib/net461/pt-BR/UiPath.MicrosoftOffice365.Activities.Design.resources.dll": {
            "locale": "pt-BR"
          },
          "lib/net461/pt-BR/UiPath.MicrosoftOffice365.Activities.resources.dll": {
            "locale": "pt-BR"
          },
          "lib/net461/pt/UiPath.MicrosoftOffice365.Activities.Design.resources.dll": {
            "locale": "pt"
          },
          "lib/net461/pt/UiPath.MicrosoftOffice365.Activities.resources.dll": {
            "locale": "pt"
          },
          "lib/net461/ru/UiPath.MicrosoftOffice365.Activities.Design.resources.dll": {
            "locale": "ru"
          },
          "lib/net461/ru/UiPath.MicrosoftOffice365.Activities.resources.dll": {
            "locale": "ru"
          },
          "lib/net461/tr/UiPath.MicrosoftOffice365.Activities.Design.resources.dll": {
            "locale": "tr"
          },
          "lib/net461/tr/UiPath.MicrosoftOffice365.Activities.resources.dll": {
            "locale": "tr"
          },
          "lib/net461/zh-CN/UiPath.MicrosoftOffice365.Activities.Design.resources.dll": {
            "locale": "zh-CN"
          },
          "lib/net461/zh-CN/UiPath.MicrosoftOffice365.Activities.resources.dll": {
            "locale": "zh-CN"
          }
        }
      },
      "UiPath.MLServices.Activities/1.1.0.22289-preview": {
        "type": "package",
        "dependencies": {
          "Newtonsoft.Json": "11.0.2"
        },
        "compile": {
          "lib/net461/_._": {}
        },
        "runtime": {
          "lib/net461/UiPath.MLServices.Activities.Design.dll": {},
          "lib/net461/UiPath.MLServices.Activities.dll": {},
          "lib/net461/UiPath.MLServices.dll": {}
        },
        "resource": {
          "lib/net461/de/UiPath.MLServices.Activities.Design.resources.dll": {
            "locale": "de"
          },
          "lib/net461/de/UiPath.MLServices.Activities.resources.dll": {
            "locale": "de"
          },
          "lib/net461/de/UiPath.MLServices.resources.dll": {
            "locale": "de"
          },
          "lib/net461/es-MX/UiPath.MLServices.Activities.Design.resources.dll": {
            "locale": "es-MX"
          },
          "lib/net461/es-MX/UiPath.MLServices.Activities.resources.dll": {
            "locale": "es-MX"
          },
          "lib/net461/es-MX/UiPath.MLServices.resources.dll": {
            "locale": "es-MX"
          },
          "lib/net461/es/UiPath.MLServices.Activities.Design.resources.dll": {
            "locale": "es"
          },
          "lib/net461/es/UiPath.MLServices.Activities.resources.dll": {
            "locale": "es"
          },
          "lib/net461/es/UiPath.MLServices.resources.dll": {
            "locale": "es"
          },
          "lib/net461/fr/UiPath.MLServices.Activities.Design.resources.dll": {
            "locale": "fr"
          },
          "lib/net461/fr/UiPath.MLServices.Activities.resources.dll": {
            "locale": "fr"
          },
          "lib/net461/fr/UiPath.MLServices.resources.dll": {
            "locale": "fr"
          },
          "lib/net461/ja/UiPath.MLServices.Activities.Design.resources.dll": {
            "locale": "ja"
          },
          "lib/net461/ja/UiPath.MLServices.Activities.resources.dll": {
            "locale": "ja"
          },
          "lib/net461/ja/UiPath.MLServices.resources.dll": {
            "locale": "ja"
          },
          "lib/net461/ko/UiPath.MLServices.Activities.Design.resources.dll": {
            "locale": "ko"
          },
          "lib/net461/ko/UiPath.MLServices.Activities.resources.dll": {
            "locale": "ko"
          },
          "lib/net461/ko/UiPath.MLServices.resources.dll": {
            "locale": "ko"
          },
          "lib/net461/pt-BR/UiPath.MLServices.Activities.Design.resources.dll": {
            "locale": "pt-BR"
          },
          "lib/net461/pt-BR/UiPath.MLServices.Activities.resources.dll": {
            "locale": "pt-BR"
          },
          "lib/net461/pt-BR/UiPath.MLServices.resources.dll": {
            "locale": "pt-BR"
          },
          "lib/net461/pt/UiPath.MLServices.Activities.Design.resources.dll": {
            "locale": "pt"
          },
          "lib/net461/pt/UiPath.MLServices.Activities.resources.dll": {
            "locale": "pt"
          },
          "lib/net461/pt/UiPath.MLServices.resources.dll": {
            "locale": "pt"
          },
          "lib/net461/ru/UiPath.MLServices.Activities.Design.resources.dll": {
            "locale": "ru"
          },
          "lib/net461/ru/UiPath.MLServices.Activities.resources.dll": {
            "locale": "ru"
          },
          "lib/net461/ru/UiPath.MLServices.resources.dll": {
            "locale": "ru"
          },
          "lib/net461/tr/UiPath.MLServices.Activities.Design.resources.dll": {
            "locale": "tr"
          },
          "lib/net461/tr/UiPath.MLServices.Activities.resources.dll": {
            "locale": "tr"
          },
          "lib/net461/tr/UiPath.MLServices.resources.dll": {
            "locale": "tr"
          },
          "lib/net461/zh-CN/UiPath.MLServices.Activities.Design.resources.dll": {
            "locale": "zh-CN"
          },
          "lib/net461/zh-CN/UiPath.MLServices.Activities.resources.dll": {
            "locale": "zh-CN"
          },
          "lib/net461/zh-CN/UiPath.MLServices.resources.dll": {
            "locale": "zh-CN"
          }
        }
      },
      "UiPath.Persistence.Activities/1.1.3": {
        "type": "package",
        "dependencies": {
          "Microsoft.Rest.ClientRuntime": "2.3.20",
          "Newtonsoft.Json": "11.0.2",
          "UiPath.FormActivityLibrary.Contracts": "1.1.1"
        },
        "compile": {
          "lib/net461/_._": {}
        },
        "runtime": {
          "lib/net461/UiPath.Orchestrator.Service.dll": {},
          "lib/net461/UiPath.Persistence.Activities.Design.dll": {},
          "lib/net461/UiPath.Persistence.Activities.dll": {},
          "lib/net461/UiPath.Persistence.Orchestrator.Client.dll": {}
        },
        "resource": {
          "lib/net461/de/UiPath.Persistence.Activities.Design.resources.dll": {
            "locale": "de"
          },
          "lib/net461/de/UiPath.Persistence.Activities.resources.dll": {
            "locale": "de"
          },
          "lib/net461/es-MX/UiPath.Persistence.Activities.Design.resources.dll": {
            "locale": "es-MX"
          },
          "lib/net461/es-MX/UiPath.Persistence.Activities.resources.dll": {
            "locale": "es-MX"
          },
          "lib/net461/es/UiPath.Persistence.Activities.Design.resources.dll": {
            "locale": "es"
          },
          "lib/net461/es/UiPath.Persistence.Activities.resources.dll": {
            "locale": "es"
          },
          "lib/net461/fr/UiPath.Persistence.Activities.Design.resources.dll": {
            "locale": "fr"
          },
          "lib/net461/fr/UiPath.Persistence.Activities.resources.dll": {
            "locale": "fr"
          },
          "lib/net461/ja/UiPath.Persistence.Activities.Design.resources.dll": {
            "locale": "ja"
          },
          "lib/net461/ja/UiPath.Persistence.Activities.resources.dll": {
            "locale": "ja"
          },
          "lib/net461/ko/UiPath.Persistence.Activities.Design.resources.dll": {
            "locale": "ko"
          },
          "lib/net461/ko/UiPath.Persistence.Activities.resources.dll": {
            "locale": "ko"
          },
          "lib/net461/pt-BR/UiPath.Persistence.Activities.Design.resources.dll": {
            "locale": "pt-BR"
          },
          "lib/net461/pt-BR/UiPath.Persistence.Activities.resources.dll": {
            "locale": "pt-BR"
          },
          "lib/net461/pt/UiPath.Persistence.Activities.Design.resources.dll": {
            "locale": "pt"
          },
          "lib/net461/pt/UiPath.Persistence.Activities.resources.dll": {
            "locale": "pt"
          },
          "lib/net461/ru/UiPath.Persistence.Activities.Design.resources.dll": {
            "locale": "ru"
          },
          "lib/net461/ru/UiPath.Persistence.Activities.resources.dll": {
            "locale": "ru"
          },
          "lib/net461/tr/UiPath.Persistence.Activities.Design.resources.dll": {
            "locale": "tr"
          },
          "lib/net461/tr/UiPath.Persistence.Activities.resources.dll": {
            "locale": "tr"
          },
          "lib/net461/zh-CN/UiPath.Persistence.Activities.Design.resources.dll": {
            "locale": "zh-CN"
          },
          "lib/net461/zh-CN/UiPath.Persistence.Activities.resources.dll": {
            "locale": "zh-CN"
          }
        }
      },
      "UiPath.System.Activities/20.4.0": {
        "type": "package",
        "dependencies": {
          "CsvHelper": "2.13.5",
          "Microsoft.AspNet.SignalR.Client": "2.4.0",
          "Microsoft.Rest.ClientRuntime": "2.3.20",
          "Newtonsoft.Json": "11.0.2"
        },
        "compile": {
          "lib/net461/_._": {}
        },
        "runtime": {
          "lib/net461/ActiproSoftware.Docking.Wpf.dll": {},
          "lib/net461/ActiproSoftware.Ribbon.Wpf.dll": {},
          "lib/net461/ActiproSoftware.Shared.Wpf.dll": {},
          "lib/net461/ActiproSoftware.SyntaxEditor.Addons.DotNet.Wpf.dll": {},
          "lib/net461/ActiproSoftware.SyntaxEditor.Wpf.dll": {},
          "lib/net461/ActiproSoftware.Text.Addons.DotNet.Wpf.dll": {},
          "lib/net461/ActiproSoftware.Text.LLParser.Wpf.dll": {},
          "lib/net461/ActiproSoftware.Text.Wpf.dll": {},
          "lib/net461/ActiproSoftware.Wizard.Wpf.dll": {},
          "lib/net461/CustomInputForm.exe": {},
          "lib/net461/UiPath.OrchestratorClient.dll": {},
          "lib/net461/UiPath.System.Activities.Design.dll": {},
          "lib/net461/UiPath.System.Activities.dll": {}
        },
        "resource": {
          "lib/net461/de/UiPath.System.Activities.Design.resources.dll": {
            "locale": "de"
          },
          "lib/net461/de/UiPath.System.Activities.resources.dll": {
            "locale": "de"
          },
          "lib/net461/es-MX/UiPath.System.Activities.Design.resources.dll": {
            "locale": "es-MX"
          },
          "lib/net461/es-MX/UiPath.System.Activities.resources.dll": {
            "locale": "es-MX"
          },
          "lib/net461/es/UiPath.System.Activities.Design.resources.dll": {
            "locale": "es"
          },
          "lib/net461/es/UiPath.System.Activities.resources.dll": {
            "locale": "es"
          },
          "lib/net461/fr/UiPath.System.Activities.Design.resources.dll": {
            "locale": "fr"
          },
          "lib/net461/fr/UiPath.System.Activities.resources.dll": {
            "locale": "fr"
          },
          "lib/net461/ja/UiPath.System.Activities.Design.resources.dll": {
            "locale": "ja"
          },
          "lib/net461/ja/UiPath.System.Activities.resources.dll": {
            "locale": "ja"
          },
          "lib/net461/ko/UiPath.System.Activities.Design.resources.dll": {
            "locale": "ko"
          },
          "lib/net461/ko/UiPath.System.Activities.resources.dll": {
            "locale": "ko"
          },
          "lib/net461/pt-BR/UiPath.System.Activities.Design.resources.dll": {
            "locale": "pt-BR"
          },
          "lib/net461/pt-BR/UiPath.System.Activities.resources.dll": {
            "locale": "pt-BR"
          },
          "lib/net461/pt/UiPath.System.Activities.Design.resources.dll": {
            "locale": "pt"
          },
          "lib/net461/pt/UiPath.System.Activities.resources.dll": {
            "locale": "pt"
          },
          "lib/net461/ru/UiPath.System.Activities.Design.resources.dll": {
            "locale": "ru"
          },
          "lib/net461/ru/UiPath.System.Activities.resources.dll": {
            "locale": "ru"
          },
          "lib/net461/tr/UiPath.System.Activities.Design.resources.dll": {
            "locale": "tr"
          },
          "lib/net461/tr/UiPath.System.Activities.resources.dll": {
            "locale": "tr"
          },
          "lib/net461/zh-CN/UiPath.System.Activities.Design.resources.dll": {
            "locale": "zh-CN"
          },
          "lib/net461/zh-CN/UiPath.System.Activities.resources.dll": {
            "locale": "zh-CN"
          }
        }
      },
      "UiPath.WebAPI.Activities/1.4.5": {
        "type": "package",
        "dependencies": {
          "AvalonEdit": "5.0.3",
          "Newtonsoft.Json": "11.0.2",
          "RestSharp": "106.3.1"
        },
        "compile": {
          "lib/net452/_._": {}
        },
        "runtime": {
          "lib/net452/UiPath.Web.Activities.Design.dll": {},
          "lib/net452/UiPath.Web.Activities.dll": {},
          "lib/net452/UiPath.Web.dll": {}
        },
        "resource": {
          "lib/net452/de/UiPath.Web.Activities.Design.resources.dll": {
            "locale": "de"
          },
          "lib/net452/de/UiPath.Web.Activities.resources.dll": {
            "locale": "de"
          },
          "lib/net452/de/UiPath.Web.resources.dll": {
            "locale": "de"
          },
          "lib/net452/es-MX/UiPath.Web.Activities.Design.resources.dll": {
            "locale": "es-MX"
          },
          "lib/net452/es-MX/UiPath.Web.Activities.resources.dll": {
            "locale": "es-MX"
          },
          "lib/net452/es-MX/UiPath.Web.resources.dll": {
            "locale": "es-MX"
          },
          "lib/net452/es/UiPath.Web.Activities.Design.resources.dll": {
            "locale": "es"
          },
          "lib/net452/es/UiPath.Web.Activities.resources.dll": {
            "locale": "es"
          },
          "lib/net452/es/UiPath.Web.resources.dll": {
            "locale": "es"
          },
          "lib/net452/fr/UiPath.Web.Activities.Design.resources.dll": {
            "locale": "fr"
          },
          "lib/net452/fr/UiPath.Web.Activities.resources.dll": {
            "locale": "fr"
          },
          "lib/net452/fr/UiPath.Web.resources.dll": {
            "locale": "fr"
          },
          "lib/net452/ja/UiPath.Web.Activities.Design.resources.dll": {
            "locale": "ja"
          },
          "lib/net452/ja/UiPath.Web.Activities.resources.dll": {
            "locale": "ja"
          },
          "lib/net452/ja/UiPath.Web.resources.dll": {
            "locale": "ja"
          },
          "lib/net452/ko/UiPath.Web.Activities.Design.resources.dll": {
            "locale": "ko"
          },
          "lib/net452/ko/UiPath.Web.Activities.resources.dll": {
            "locale": "ko"
          },
          "lib/net452/ko/UiPath.Web.resources.dll": {
            "locale": "ko"
          },
          "lib/net452/pt-BR/UiPath.Web.Activities.Design.resources.dll": {
            "locale": "pt-BR"
          },
          "lib/net452/pt-BR/UiPath.Web.Activities.resources.dll": {
            "locale": "pt-BR"
          },
          "lib/net452/pt-BR/UiPath.Web.resources.dll": {
            "locale": "pt-BR"
          },
          "lib/net452/pt/UiPath.Web.Activities.Design.resources.dll": {
            "locale": "pt"
          },
          "lib/net452/pt/UiPath.Web.Activities.resources.dll": {
            "locale": "pt"
          },
          "lib/net452/pt/UiPath.Web.resources.dll": {
            "locale": "pt"
          },
          "lib/net452/ru/UiPath.Web.Activities.Design.resources.dll": {
            "locale": "ru"
          },
          "lib/net452/ru/UiPath.Web.Activities.resources.dll": {
            "locale": "ru"
          },
          "lib/net452/ru/UiPath.Web.resources.dll": {
            "locale": "ru"
          },
          "lib/net452/tr/UiPath.Web.Activities.Design.resources.dll": {
            "locale": "tr"
          },
          "lib/net452/tr/UiPath.Web.Activities.resources.dll": {
            "locale": "tr"
          },
          "lib/net452/tr/UiPath.Web.resources.dll": {
            "locale": "tr"
          },
          "lib/net452/zh-CN/UiPath.Web.Activities.Design.resources.dll": {
            "locale": "zh-CN"
          },
          "lib/net452/zh-CN/UiPath.Web.Activities.resources.dll": {
            "locale": "zh-CN"
          },
          "lib/net452/zh-CN/UiPath.Web.resources.dll": {
            "locale": "zh-CN"
          }
        }
      }
    }
  },
  "libraries": {
    "AvalonEdit/5.0.3": {
      "sha512": "L5CgXRniZRxI/tjoBztVgZnvTL1F/qKrRJa+Q88I0Gl78WRNaqdMkuOlkAsOHTauBGZSQNDO0/X+xIpzfzmLdQ==",
      "type": "package",
      "path": "avalonedit/5.0.3",
      "files": [
        ".nupkg.metadata",
        ".signature.p7s",
        "avalonedit.5.0.3.nupkg.sha512",
        "avalonedit.nuspec",
        "lib/Net35/ICSharpCode.AvalonEdit.dll",
        "lib/Net35/ICSharpCode.AvalonEdit.xml",
        "lib/Net40/ICSharpCode.AvalonEdit.dll",
        "lib/Net40/ICSharpCode.AvalonEdit.xml"
      ]
    },
    "BouncyCastle/1.8.5": {
      "sha512": "196QWfvglefGd/Cr2C4hIdmA9HYkLFZovxJ7L0BAOFlNn+qlmVxqpxpcKGoC5AF4rOuoUq3ylzLgKZW5j4nmDQ==",
      "type": "package",
      "path": "bouncycastle/1.8.5",
      "files": [
        ".nupkg.metadata",
        ".signature.p7s",
        "README.md",
        "bouncycastle.1.8.5.nupkg.sha512",
        "bouncycastle.nuspec",
        "lib/BouncyCastle.Crypto.dll"
      ]
    },
    "ClosedXML/0.94.2": {
      "sha512": "ldiDZySdXA+AKz0UzVCBeeBadCc9wKf4pJPmz3pJEMqr1XjUw/YZ/jpys7SsP+W57OZ09245MFW0ZokCtAk+UQ==",
      "type": "package",
      "path": "closedxml/0.94.2",
      "files": [
        ".nupkg.metadata",
        ".signature.p7s",
        "closedxml.0.94.2.nupkg.sha512",
        "closedxml.nuspec",
        "lib/net40/ClosedXML.dll",
        "lib/net40/ClosedXML.pdb",
        "lib/net40/ClosedXML.xml",
        "lib/net46/ClosedXML.dll",
        "lib/net46/ClosedXML.pdb",
        "lib/net46/ClosedXML.xml",
        "lib/netstandard2.0/ClosedXML.dll",
        "lib/netstandard2.0/ClosedXML.pdb",
        "lib/netstandard2.0/ClosedXML.xml"
      ]
    },
    "CsvHelper/2.13.5": {
      "sha512": "fC8DPi/YTcZ8uXFiAeuT9EpsR2TE5cSJ2jg/4tht/Oen6az/djebpYoCQEtI33RfNrSZ533SedOknlWtUTX3fw==",
      "type": "package",
      "path": "csvhelper/2.13.5",
      "files": [
        ".nupkg.metadata",
        "csvhelper.2.13.5.nupkg.sha512",
        "csvhelper.nuspec",
        "lib/net20/CsvHelper.dll",
        "lib/net20/CsvHelper.pdb",
        "lib/net20/CsvHelper.xml",
        "lib/net35-client/CsvHelper.dll",
        "lib/net35-client/CsvHelper.pdb",
        "lib/net35-client/CsvHelper.xml",
        "lib/net40-client/CsvHelper.dll",
        "lib/net40-client/CsvHelper.pdb",
        "lib/net40-client/CsvHelper.xml",
        "lib/portable-net40+sl5+win8+wpa+wp8/CsvHelper.dll",
        "lib/portable-net40+sl5+win8+wpa+wp8/CsvHelper.pdb",
        "lib/portable-net40+sl5+win8+wpa+wp8/CsvHelper.xml"
      ]
    },
    "DocumentFormat.OpenXml/2.7.2": {
      "sha512": "tWT7iu0ab9PNoMTWjv24rt+qnyqvcnPOYs167vPnk4aegAYSAxoUjwNW+VxY8xoLtJntQ/JlWTi7Vt+8TghLlQ==",
      "type": "package",
      "path": "documentformat.openxml/2.7.2",
      "files": [
        ".nupkg.metadata",
        ".signature.p7s",
        "documentformat.openxml.2.7.2.nupkg.sha512",
        "documentformat.openxml.nuspec",
        "lib/net35/DocumentFormat.OpenXml.dll",
        "lib/net35/DocumentFormat.OpenXml.xml",
        "lib/net40/DocumentFormat.OpenXml.dll",
        "lib/net40/DocumentFormat.OpenXml.xml",
        "lib/net46/DocumentFormat.OpenXml.dll",
        "lib/net46/DocumentFormat.OpenXml.xml",
        "lib/netstandard1.3/DocumentFormat.OpenXml.dll",
        "lib/netstandard1.3/DocumentFormat.OpenXml.xml"
      ]
    },
    "ExcelNumberFormat/1.0.3": {
      "sha512": "ZPF7p4+qUJA6KKHoCTbzCEFZ0G4U8g3lusma5MFNy+NSqR165Z16Z5c1vRE/pKfQxVNGkGHfJtj/xmArenwj/w==",
      "type": "package",
      "path": "excelnumberformat/1.0.3",
      "files": [
        ".nupkg.metadata",
        ".signature.p7s",
        "excelnumberformat.1.0.3.nupkg.sha512",
        "excelnumberformat.nuspec",
        "lib/net20/ExcelNumberFormat.dll",
        "lib/net20/ExcelNumberFormat.xml",
        "lib/netstandard1.0/ExcelNumberFormat.dll",
        "lib/netstandard1.0/ExcelNumberFormat.xml"
      ]
    },
    "FastMember/1.3.0": {
      "sha512": "AmB/DQoEvpbs6zDUjOk0pRhewKrvhZ+8mSK/8GrcmvkX7/HKjJxXtosmu5AXE9Lxw5cSZ0onnl27bb9J3bcp1A==",
      "type": "package",
      "path": "fastmember/1.3.0",
      "files": [
        ".nupkg.metadata",
        ".signature.p7s",
        "fastmember.1.3.0.nupkg.sha512",
        "fastmember.nuspec",
        "lib/net40/FastMember.dll",
        "lib/net45/FastMember.dll",
        "lib/netstandard1.5/FastMember.dll",
        "lib/netstandard2.0/FastMember.dll"
      ]
    },
    "interop.domino.dll/1.0.0": {
      "sha512": "gKTX8fwrysbgSWSrJUpMpdp/qmRwYT8JTnbpFzTN72WnX3M1vxkHzpxH3oGMSqpHf20n9AZ0TzDJkt2itp6hyQ==",
      "type": "package",
      "path": "interop.domino.dll/1.0.0",
      "files": [
        ".nupkg.metadata",
        ".signature.p7s",
        "interop.domino.dll.1.0.0.nupkg.sha512",
        "interop.domino.dll.nuspec",
        "lib/Interop.Domino.dll"
      ]
    },
    "Microsoft.AspNet.SignalR.Client/2.4.0": {
      "sha512": "xGoQq9dEsBU49U1Whl0To2JyRQePmo8ayYS8VNruLlQaX+fQBzYyLJeMlW9r7mlt8Vc9JP+083m9pKrfYpdDbg==",
      "type": "package",
      "path": "microsoft.aspnet.signalr.client/2.4.0",
      "files": [
        ".nupkg.metadata",
        ".signature.p7s",
        "lib/net40/Microsoft.AspNet.SignalR.Client.dll",
        "lib/net40/Microsoft.AspNet.SignalR.Client.pdb",
        "lib/net40/Microsoft.AspNet.SignalR.Client.xml",
        "lib/net45/Microsoft.AspNet.SignalR.Client.dll",
        "lib/net45/Microsoft.AspNet.SignalR.Client.pdb",
        "lib/net45/Microsoft.AspNet.SignalR.Client.xml",
        "lib/netstandard1.3/Microsoft.AspNet.SignalR.Client.dll",
        "lib/netstandard1.3/Microsoft.AspNet.SignalR.Client.pdb",
        "lib/netstandard1.3/Microsoft.AspNet.SignalR.Client.xml",
        "lib/netstandard2.0/Microsoft.AspNet.SignalR.Client.dll",
        "lib/netstandard2.0/Microsoft.AspNet.SignalR.Client.pdb",
        "lib/netstandard2.0/Microsoft.AspNet.SignalR.Client.xml",
        "microsoft.aspnet.signalr.client.2.4.0.nupkg.sha512",
        "microsoft.aspnet.signalr.client.nuspec"
      ]
    },
    "Microsoft.Exchange.WebServices/2.2.0": {
      "sha512": "NlkaTD0uWtg9VbiWq0VDWMBPzHFknH3tmstrxt0acrT09LBGqATTjRpsGOODz6tUdX7/dehBinxsf75U5Uw/+A==",
      "type": "package",
      "path": "microsoft.exchange.webservices/2.2.0",
      "files": [
        ".nupkg.metadata",
        "doc/License Terms.rtf",
        "doc/README.htm",
        "doc/Redist.txt",
        "lib/40/Microsoft.Exchange.WebServices.Auth.dll",
        "lib/40/Microsoft.Exchange.WebServices.Auth.pdb",
        "lib/40/Microsoft.Exchange.WebServices.Auth.xml",
        "lib/40/Microsoft.Exchange.WebServices.dll",
        "lib/40/Microsoft.Exchange.WebServices.pdb",
        "lib/40/Microsoft.Exchange.WebServices.xml",
        "microsoft.exchange.webservices.2.2.0.nupkg.sha512",
        "microsoft.exchange.webservices.nuspec"
      ]
    },
    "Microsoft.Graph/1.12.0": {
      "sha512": "DSgbTfqHHVDB7ceIIgtcsuaoN06IqgBDaLsvQov8Lw91BGee5qDMZHPPH6v7VqmIkKBZF3/EcwbgosIlG65edA==",
      "type": "package",
      "path": "microsoft.graph/1.12.0",
      "files": [
        ".nupkg.metadata",
        ".signature.p7s",
        "lib/net45/Microsoft.Graph.dll",
        "lib/net45/Microsoft.Graph.xml",
        "lib/netstandard1.1/Microsoft.Graph.dll",
        "lib/netstandard1.1/Microsoft.Graph.xml",
        "microsoft.graph.1.12.0.nupkg.sha512",
        "microsoft.graph.nuspec"
      ]
    },
    "Microsoft.Graph.Core/1.12.0": {
      "sha512": "iG4S+eUng09zF9JQcGGnXxDca3hAseT/a1u2Mz2sjNS62C9oahMvD0soj2cp0Q6adliVx/giXyD9o/TGho+BtQ==",
      "type": "package",
      "path": "microsoft.graph.core/1.12.0",
      "files": [
        ".nupkg.metadata",
        ".signature.p7s",
        "lib/net45/Microsoft.Graph.Core.dll",
        "lib/net45/Microsoft.Graph.Core.xml",
        "lib/netstandard1.1/Microsoft.Graph.Core.dll",
        "lib/netstandard1.1/Microsoft.Graph.Core.xml",
        "microsoft.graph.core.1.12.0.nupkg.sha512",
        "microsoft.graph.core.nuspec"
      ]
    },
    "Microsoft.Identity.Client/2.7.1": {
      "sha512": "R0Bh+DVQkB9w9hKm5DhGMle1kMGPnuLMHJYLhOIAoZp9JCieMm5PEhu/is1v/C3n6KnPvUEwg8M100McNRnm5A==",
      "type": "package",
      "path": "microsoft.identity.client/2.7.1",
      "files": [
        ".nupkg.metadata",
        ".signature.p7s",
        "lib/monoandroid81/Microsoft.Identity.Client.dll",
        "lib/monoandroid81/Microsoft.Identity.Client.xml",
        "lib/net45/Microsoft.Identity.Client.dll",
        "lib/net45/Microsoft.Identity.Client.xml",
        "lib/netcoreapp1.0/Microsoft.Identity.Client.dll",
        "lib/netcoreapp1.0/Microsoft.Identity.Client.xml",
        "lib/netstandard1.3/Microsoft.Identity.Client.dll",
        "lib/netstandard1.3/Microsoft.Identity.Client.xml",
        "lib/uap10.0/Microsoft.Identity.Client.dll",
        "lib/uap10.0/Microsoft.Identity.Client.pri",
        "lib/uap10.0/Microsoft.Identity.Client.xml",
        "lib/xamarinios10/Microsoft.Identity.Client.dll",
        "lib/xamarinios10/Microsoft.Identity.Client.xml",
        "lib/xamarinmac20/Microsoft.Identity.Client.dll",
        "lib/xamarinmac20/Microsoft.Identity.Client.xml",
        "microsoft.identity.client.2.7.1.nupkg.sha512",
        "microsoft.identity.client.nuspec",
        "ref/MonoAndroid8.1/Microsoft.Identity.Client.dll",
        "ref/MonoAndroid8.1/Microsoft.Identity.Client.xml",
        "ref/Xamarin.iOS10/Microsoft.Identity.Client.dll",
        "ref/Xamarin.iOS10/Microsoft.Identity.Client.xml",
        "ref/net45/Microsoft.Identity.Client.dll",
        "ref/net45/Microsoft.Identity.Client.xml",
        "ref/netcoreapp1.0/Microsoft.Identity.Client.dll",
        "ref/netcoreapp1.0/Microsoft.Identity.Client.xml",
        "ref/netstandard1.3/Microsoft.Identity.Client.dll",
        "ref/netstandard1.3/Microsoft.Identity.Client.xml",
        "ref/uap10.0/Microsoft.Identity.Client.dll",
        "ref/uap10.0/Microsoft.Identity.Client.xml",
        "ref/xamarinmac20/Microsoft.Identity.Client.dll",
        "ref/xamarinmac20/Microsoft.Identity.Client.xml"
      ]
    },
    "Microsoft.Rest.ClientRuntime/2.3.20": {
      "sha512": "bw/H1nO4JdnhTagPHWIFQwtlQ6rb2jqw5RTrqPsPqzrjhJxc7P6MyNGdf4pgHQdzdpBSNOfZTEQifoUkxmzYXQ==",
      "type": "package",
      "path": "microsoft.rest.clientruntime/2.3.20",
      "files": [
        ".nupkg.metadata",
        ".signature.p7s",
        "lib/net452/Microsoft.Rest.ClientRuntime.dll",
        "lib/net452/Microsoft.Rest.ClientRuntime.runtimeconfig.json",
        "lib/net452/Microsoft.Rest.ClientRuntime.xml",
        "lib/net461/Microsoft.Rest.ClientRuntime.dll",
        "lib/net461/Microsoft.Rest.ClientRuntime.runtimeconfig.json",
        "lib/net461/Microsoft.Rest.ClientRuntime.xml",
        "lib/netstandard1.4/Microsoft.Rest.ClientRuntime.dll",
        "lib/netstandard1.4/Microsoft.Rest.ClientRuntime.runtimeconfig.json",
        "lib/netstandard1.4/Microsoft.Rest.ClientRuntime.xml",
        "lib/netstandard2.0/Microsoft.Rest.ClientRuntime.dll",
        "lib/netstandard2.0/Microsoft.Rest.ClientRuntime.runtimeconfig.json",
        "lib/netstandard2.0/Microsoft.Rest.ClientRuntime.xml",
        "microsoft.rest.clientruntime.2.3.20.nupkg.sha512",
        "microsoft.rest.clientruntime.nuspec"
      ]
    },
    "Microsoft.VisualStudio.OLE.Interop/7.10.6071": {
      "sha512": "PuINhJH41DbKfkNU+qcyC4Wlt/z0DgI/ViZv6gjUclylnFbUIpCdqm4fK+PKJDfiarHTKnGWkxjKuOIS1Bqs5Q==",
      "type": "package",
      "path": "microsoft.visualstudio.ole.interop/7.10.6071",
      "files": [
        ".nupkg.metadata",
        "lib/Microsoft.VisualStudio.OLE.Interop.dll",
        "lib/Microsoft.VisualStudio.OLE.Interop.xml",
        "microsoft.visualstudio.ole.interop.7.10.6071.nupkg.sha512",
        "microsoft.visualstudio.ole.interop.nuspec"
      ]
    },
    "MimeKit/2.1.3": {
      "sha512": "cUbGP7GvOOgeoRn3IPOL5I315J4GQfIPtQhIUWp5rdVTmvyzVZRbqC/WhoLrzbk3Xn350XI5iwwtLXKEfNYHKQ==",
      "type": "package",
      "path": "mimekit/2.1.3",
      "files": [
        ".nupkg.metadata",
        ".signature.p7s",
        "lib/monoandroid/BouncyCastle.dll",
        "lib/monoandroid/MimeKit.dll",
        "lib/monoandroid/MimeKit.xml",
        "lib/net45/MimeKit.dll",
        "lib/net45/MimeKit.xml",
        "lib/netstandard1.3/MimeKit.dll",
        "lib/netstandard1.3/MimeKit.xml",
        "lib/netstandard1.6/MimeKit.dll",
        "lib/netstandard1.6/MimeKit.xml",
        "lib/netstandard2.0/MimeKit.dll",
        "lib/netstandard2.0/MimeKit.xml",
        "lib/portable-net45+win8+wpa81/MimeKit.dll",
        "lib/portable-net45+win8+wpa81/MimeKit.xml",
        "lib/portable-net45+win8+wpa81/Portable.Text.Encoding.dll",
        "lib/portable-net45+win8/MimeKit.dll",
        "lib/portable-net45+win8/MimeKit.xml",
        "lib/portable-net45+win8/Portable.Text.Encoding.dll",
        "lib/xamarinios/BouncyCastle.dll",
        "lib/xamarinios/MimeKit.dll",
        "lib/xamarinios/MimeKit.xml",
        "mimekit.2.1.3.nupkg.sha512",
        "mimekit.nuspec"
      ]
    },
    "Newtonsoft.Json/11.0.2": {
      "sha512": "IvJe1pj7JHEsP8B8J8DwlMEx8UInrs/x+9oVY+oCD13jpLu4JbJU2WCIsMRn5C4yW9+DgkaO8uiVE5VHKjpmdQ==",
      "type": "package",
      "path": "newtonsoft.json/11.0.2",
      "files": [
        ".nupkg.metadata",
        ".signature.p7s",
        "LICENSE.md",
        "lib/net20/Newtonsoft.Json.dll",
        "lib/net20/Newtonsoft.Json.xml",
        "lib/net35/Newtonsoft.Json.dll",
        "lib/net35/Newtonsoft.Json.xml",
        "lib/net40/Newtonsoft.Json.dll",
        "lib/net40/Newtonsoft.Json.xml",
        "lib/net45/Newtonsoft.Json.dll",
        "lib/net45/Newtonsoft.Json.xml",
        "lib/netstandard1.0/Newtonsoft.Json.dll",
        "lib/netstandard1.0/Newtonsoft.Json.xml",
        "lib/netstandard1.3/Newtonsoft.Json.dll",
        "lib/netstandard1.3/Newtonsoft.Json.xml",
        "lib/netstandard2.0/Newtonsoft.Json.dll",
        "lib/netstandard2.0/Newtonsoft.Json.xml",
        "lib/portable-net40+sl5+win8+wp8+wpa81/Newtonsoft.Json.dll",
        "lib/portable-net40+sl5+win8+wp8+wpa81/Newtonsoft.Json.xml",
        "lib/portable-net45+win8+wp8+wpa81/Newtonsoft.Json.dll",
        "lib/portable-net45+win8+wp8+wpa81/Newtonsoft.Json.xml",
        "newtonsoft.json.11.0.2.nupkg.sha512",
        "newtonsoft.json.nuspec"
      ]
    },
    "NPOI/2.4.1": {
      "sha512": "85790/CY9z4DCU1KLpcdLSqaqaqmQOenTqXJfcsYK8LIKNAAoTgjT5LYLbORgdwAd63sbaJiCfB1SIn/dAXrJw==",
      "type": "package",
      "path": "npoi/2.4.1",
      "files": [
        ".nupkg.metadata",
        ".signature.p7s",
        "LICENSE",
        "Read Me.txt",
        "lib/NPOI.xml",
        "lib/net40/NPOI.OOXML.dll",
        "lib/net40/NPOI.OpenXml4Net.dll",
        "lib/net40/NPOI.OpenXmlFormats.dll",
        "lib/net40/NPOI.dll",
        "lib/net45/NPOI.OOXML.dll",
        "lib/net45/NPOI.OpenXml4Net.dll",
        "lib/net45/NPOI.OpenXmlFormats.dll",
        "lib/net45/NPOI.dll",
        "lib/netstandard2.0/NPOI.OOXML.deps.json",
        "lib/netstandard2.0/NPOI.OOXML.dll",
        "lib/netstandard2.0/NPOI.OpenXml4Net.deps.json",
        "lib/netstandard2.0/NPOI.OpenXml4Net.dll",
        "lib/netstandard2.0/NPOI.OpenXmlFormats.deps.json",
        "lib/netstandard2.0/NPOI.OpenXmlFormats.dll",
        "lib/netstandard2.0/NPOI.deps.json",
        "lib/netstandard2.0/NPOI.dll",
        "logo/120_120.jpg",
        "logo/240_240.png",
        "logo/32_32.jpg",
        "logo/60_60.jpg",
        "npoi.2.4.1.nupkg.sha512",
        "npoi.nuspec"
      ]
    },
    "RestSharp/106.3.1": {
      "sha512": "TmlN7SXjK52zzpQDTuzw7IH3XQ2Svtss/4zvQBKIgf74QIVxvlxoAqQYu1EhNQ1bMSBIQ4aK120BO7W+v8/kiQ==",
      "type": "package",
      "path": "restsharp/106.3.1",
      "files": [
        ".nupkg.metadata",
        ".signature.p7s",
        "lib/net452/RestSharp.dll",
        "lib/netstandard2.0/RestSharp.dll",
        "restsharp.106.3.1.nupkg.sha512",
        "restsharp.nuspec"
      ]
    },
    "SharpZipLib/1.0.0": {
      "sha512": "YuYztmY3jEb21F6e5LIPHJjApdtzdCPQ284UzsCKNfkgW71bukFHJES6RbKi+wm053XzFg0LX5/2vj/9gl8F/g==",
      "type": "package",
      "path": "sharpziplib/1.0.0",
      "files": [
        ".nupkg.metadata",
        ".signature.p7s",
        "lib/net45/ICSharpCode.SharpZipLib.dll",
        "lib/net45/ICSharpCode.SharpZipLib.xml",
        "lib/netstandard2.0/ICSharpCode.SharpZipLib.dll",
        "lib/netstandard2.0/ICSharpCode.SharpZipLib.xml",
        "sharpziplib.1.0.0.nupkg.sha512",
        "sharpziplib.nuspec"
      ]
    },
    "System.IO.FileSystem.Primitives/4.0.1": {
      "sha512": "kWkKD203JJKxJeE74p8aF8y4Qc9r9WQx4C0cHzHPrY3fv/L/IhWnyCHaFJ3H1QPOH6A93whlQ2vG5nHlBDvzWQ==",
      "type": "package",
      "path": "system.io.filesystem.primitives/4.0.1",
      "files": [
        ".nupkg.metadata",
        ".signature.p7s",
        "ThirdPartyNotices.txt",
        "dotnet_library_license.txt",
        "lib/MonoAndroid10/_._",
        "lib/MonoTouch10/_._",
        "lib/net46/System.IO.FileSystem.Primitives.dll",
        "lib/netstandard1.3/System.IO.FileSystem.Primitives.dll",
        "lib/xamarinios10/_._",
        "lib/xamarinmac20/_._",
        "lib/xamarintvos10/_._",
        "lib/xamarinwatchos10/_._",
        "ref/MonoAndroid10/_._",
        "ref/MonoTouch10/_._",
        "ref/net46/System.IO.FileSystem.Primitives.dll",
        "ref/netstandard1.3/System.IO.FileSystem.Primitives.dll",
        "ref/netstandard1.3/System.IO.FileSystem.Primitives.xml",
        "ref/netstandard1.3/de/System.IO.FileSystem.Primitives.xml",
        "ref/netstandard1.3/es/System.IO.FileSystem.Primitives.xml",
        "ref/netstandard1.3/fr/System.IO.FileSystem.Primitives.xml",
        "ref/netstandard1.3/it/System.IO.FileSystem.Primitives.xml",
        "ref/netstandard1.3/ja/System.IO.FileSystem.Primitives.xml",
        "ref/netstandard1.3/ko/System.IO.FileSystem.Primitives.xml",
        "ref/netstandard1.3/ru/System.IO.FileSystem.Primitives.xml",
        "ref/netstandard1.3/zh-hans/System.IO.FileSystem.Primitives.xml",
        "ref/netstandard1.3/zh-hant/System.IO.FileSystem.Primitives.xml",
        "ref/xamarinios10/_._",
        "ref/xamarinmac20/_._",
        "ref/xamarintvos10/_._",
        "ref/xamarinwatchos10/_._",
        "system.io.filesystem.primitives.4.0.1.nupkg.sha512",
        "system.io.filesystem.primitives.nuspec"
      ]
    },
    "System.IO.Packaging/4.0.0": {
      "sha512": "taPqPWcAj/h6e/c+zIWIVe1ddJtpV6acC6g9GpolxUcIwUaH6zc0ZbFS8kkVzBkuWv76pMalKeTzfmHtfT1pXA==",
      "type": "package",
      "path": "system.io.packaging/4.0.0",
      "files": [
        ".nupkg.metadata",
        ".signature.p7s",
        "ThirdPartyNotices.txt",
        "dotnet_library_license.txt",
        "lib/net46/System.IO.Packaging.dll",
        "lib/netstandard1.3/System.IO.Packaging.dll",
        "ref/net46/System.IO.Packaging.dll",
        "ref/netstandard1.3/System.IO.Packaging.dll",
        "system.io.packaging.4.0.0.nupkg.sha512",
        "system.io.packaging.nuspec"
      ]
    },
    "System.Runtime.CompilerServices.Unsafe/4.5.2": {
      "sha512": "wprSFgext8cwqymChhrBLu62LMg/1u92bU+VOwyfBimSPVFXtsNqEWC92Pf9ofzJFlk4IHmJA75EDJn1b2goAQ==",
      "type": "package",
      "path": "system.runtime.compilerservices.unsafe/4.5.2",
      "files": [
        ".nupkg.metadata",
        ".signature.p7s",
        "LICENSE.TXT",
        "THIRD-PARTY-NOTICES.TXT",
        "lib/netcoreapp2.0/System.Runtime.CompilerServices.Unsafe.dll",
        "lib/netcoreapp2.0/System.Runtime.CompilerServices.Unsafe.xml",
        "lib/netstandard1.0/System.Runtime.CompilerServices.Unsafe.dll",
        "lib/netstandard1.0/System.Runtime.CompilerServices.Unsafe.xml",
        "lib/netstandard2.0/System.Runtime.CompilerServices.Unsafe.dll",
        "lib/netstandard2.0/System.Runtime.CompilerServices.Unsafe.xml",
        "ref/netstandard1.0/System.Runtime.CompilerServices.Unsafe.dll",
        "ref/netstandard1.0/System.Runtime.CompilerServices.Unsafe.xml",
        "ref/netstandard2.0/System.Runtime.CompilerServices.Unsafe.dll",
        "ref/netstandard2.0/System.Runtime.CompilerServices.Unsafe.xml",
        "system.runtime.compilerservices.unsafe.4.5.2.nupkg.sha512",
        "system.runtime.compilerservices.unsafe.nuspec",
        "useSharedDesignerContext.txt",
        "version.txt"
      ]
    },
    "System.ValueTuple/4.5.0": {
      "sha512": "okurQJO6NRE/apDIP23ajJ0hpiNmJ+f0BwOlB/cSqTLQlw5upkf+5+96+iG2Jw40G1fCVCyPz/FhIABUjMR+RQ==",
      "type": "package",
      "path": "system.valuetuple/4.5.0",
      "files": [
        ".nupkg.metadata",
        ".signature.p7s",
        "LICENSE.TXT",
        "THIRD-PARTY-NOTICES.TXT",
        "lib/MonoAndroid10/_._",
        "lib/MonoTouch10/_._",
        "lib/net461/System.ValueTuple.dll",
        "lib/net461/System.ValueTuple.xml",
        "lib/net47/System.ValueTuple.dll",
        "lib/net47/System.ValueTuple.xml",
        "lib/netcoreapp2.0/_._",
        "lib/netstandard1.0/System.ValueTuple.dll",
        "lib/netstandard1.0/System.ValueTuple.xml",
        "lib/netstandard2.0/_._",
        "lib/portable-net40+sl4+win8+wp8/System.ValueTuple.dll",
        "lib/portable-net40+sl4+win8+wp8/System.ValueTuple.xml",
        "lib/uap10.0.16299/_._",
        "lib/xamarinios10/_._",
        "lib/xamarinmac20/_._",
        "lib/xamarintvos10/_._",
        "lib/xamarinwatchos10/_._",
        "ref/MonoAndroid10/_._",
        "ref/MonoTouch10/_._",
        "ref/net461/System.ValueTuple.dll",
        "ref/net47/System.ValueTuple.dll",
        "ref/netcoreapp2.0/_._",
        "ref/netstandard2.0/_._",
        "ref/portable-net40+sl4+win8+wp8/System.ValueTuple.dll",
        "ref/uap10.0.16299/_._",
        "ref/xamarinios10/_._",
        "ref/xamarinmac20/_._",
        "ref/xamarintvos10/_._",
        "ref/xamarinwatchos10/_._",
        "system.valuetuple.4.5.0.nupkg.sha512",
        "system.valuetuple.nuspec",
        "useSharedDesignerContext.txt",
        "version.txt"
      ]
    },
    "UiPath.CefSharpBundle/1.2.0": {
      "sha512": "cx+MZdqgsCIdXnBQSqYtt/nQpJy9DagcplkXqE9ItXc7h92DhRE1DIXRDiXeNXTQklBWbkBduDd5BzFg44G8nA==",
      "type": "package",
      "path": "uipath.cefsharpbundle/1.2.0",
      "files": [
        ".nupkg.metadata",
        ".signature.p7s",
        "build/UiPath.CefSharpBundle.targets",
        "lib/net452/CefSharp.BrowserSubprocess.Core.dll",
        "lib/net452/CefSharp.BrowserSubprocess.exe",
        "lib/net452/CefSharp.Core.dll",
        "lib/net452/CefSharp.Core.xml",
        "lib/net452/CefSharp.Wpf.XML",
        "lib/net452/CefSharp.Wpf.dll",
        "lib/net452/CefSharp.XML",
        "lib/net452/CefSharp.dll",
        "lib/net452/UiPath.CEFSharpBundle.dll",
        "lib/net452/cef.pak",
        "lib/net452/cef_100_percent.pak",
        "lib/net452/cef_200_percent.pak",
        "lib/net452/cef_extensions.pak",
        "lib/net452/chrome_elf.dll",
        "lib/net452/d3dcompiler_47.dll",
        "lib/net452/icudtl.dat",
        "lib/net452/libEGL.dll",
        "lib/net452/libGLESv2.dll",
        "lib/net452/libcef.dll",
        "lib/net452/locales/am.pak",
        "lib/net452/locales/ar.pak",
        "lib/net452/locales/bg.pak",
        "lib/net452/locales/bn.pak",
        "lib/net452/locales/ca.pak",
        "lib/net452/locales/cs.pak",
        "lib/net452/locales/da.pak",
        "lib/net452/locales/de.pak",
        "lib/net452/locales/el.pak",
        "lib/net452/locales/en-GB.pak",
        "lib/net452/locales/en-US.pak",
        "lib/net452/locales/es-419.pak",
        "lib/net452/locales/es.pak",
        "lib/net452/locales/et.pak",
        "lib/net452/locales/fa.pak",
        "lib/net452/locales/fi.pak",
        "lib/net452/locales/fil.pak",
        "lib/net452/locales/fr.pak",
        "lib/net452/locales/gu.pak",
        "lib/net452/locales/he.pak",
        "lib/net452/locales/hi.pak",
        "lib/net452/locales/hr.pak",
        "lib/net452/locales/hu.pak",
        "lib/net452/locales/id.pak",
        "lib/net452/locales/it.pak",
        "lib/net452/locales/ja.pak",
        "lib/net452/locales/kn.pak",
        "lib/net452/locales/ko.pak",
        "lib/net452/locales/lt.pak",
        "lib/net452/locales/lv.pak",
        "lib/net452/locales/ml.pak",
        "lib/net452/locales/mr.pak",
        "lib/net452/locales/ms.pak",
        "lib/net452/locales/nb.pak",
        "lib/net452/locales/nl.pak",
        "lib/net452/locales/pl.pak",
        "lib/net452/locales/pt-BR.pak",
        "lib/net452/locales/pt-PT.pak",
        "lib/net452/locales/ro.pak",
        "lib/net452/locales/ru.pak",
        "lib/net452/locales/sk.pak",
        "lib/net452/locales/sl.pak",
        "lib/net452/locales/sr.pak",
        "lib/net452/locales/sv.pak",
        "lib/net452/locales/sw.pak",
        "lib/net452/locales/ta.pak",
        "lib/net452/locales/te.pak",
        "lib/net452/locales/th.pak",
        "lib/net452/locales/tr.pak",
        "lib/net452/locales/uk.pak",
        "lib/net452/locales/vi.pak",
        "lib/net452/locales/zh-CN.pak",
        "lib/net452/locales/zh-TW.pak",
        "lib/net452/msvcp140.dll",
        "lib/net452/natives_blob.bin",
        "lib/net452/snapshot_blob.bin",
        "lib/net452/swiftshader/libEGL.dll",
        "lib/net452/swiftshader/libGLESv2.dll",
        "lib/net452/v8_context_snapshot.bin",
        "lib/net452/vcruntime140.dll",
        "license.txt",
        "uipath.cefsharpbundle.1.2.0.nupkg.sha512",
        "uipath.cefsharpbundle.nuspec"
      ]
    },
    "UiPath.Excel.Activities/2.8.5": {
      "sha512": "R6AX16M5OF5j1ZEe23X0fVJn5wy1rUb0Duux+C1giN3GQsIvQ0QInRpnbqGRFDRdT15uN7t8JCon0Gqf8euJVQ==",
      "type": "package",
      "path": "uipath.excel.activities/2.8.5",
      "files": [
        ".nupkg.metadata",
        ".signature.p7s",
        "lib/net461/UiPath.Excel.Activities.Design.dll",
        "lib/net461/UiPath.Excel.Activities.dll",
        "lib/net461/UiPath.Excel.dll",
        "lib/net461/de/UiPath.Excel.Activities.Design.resources.dll",
        "lib/net461/de/UiPath.Excel.Activities.resources.dll",
        "lib/net461/de/UiPath.Excel.resources.dll",
        "lib/net461/es-MX/UiPath.Excel.Activities.Design.resources.dll",
        "lib/net461/es-MX/UiPath.Excel.Activities.resources.dll",
        "lib/net461/es-MX/UiPath.Excel.resources.dll",
        "lib/net461/es/UiPath.Excel.Activities.Design.resources.dll",
        "lib/net461/es/UiPath.Excel.Activities.resources.dll",
        "lib/net461/es/UiPath.Excel.resources.dll",
        "lib/net461/fr/UiPath.Excel.Activities.Design.resources.dll",
        "lib/net461/fr/UiPath.Excel.Activities.resources.dll",
        "lib/net461/fr/UiPath.Excel.resources.dll",
        "lib/net461/ja/UiPath.Excel.Activities.Design.resources.dll",
        "lib/net461/ja/UiPath.Excel.Activities.resources.dll",
        "lib/net461/ja/UiPath.Excel.resources.dll",
        "lib/net461/ko/UiPath.Excel.Activities.Design.resources.dll",
        "lib/net461/ko/UiPath.Excel.Activities.resources.dll",
        "lib/net461/ko/UiPath.Excel.resources.dll",
        "lib/net461/pt-BR/UiPath.Excel.Activities.Design.resources.dll",
        "lib/net461/pt-BR/UiPath.Excel.Activities.resources.dll",
        "lib/net461/pt-BR/UiPath.Excel.resources.dll",
        "lib/net461/pt/UiPath.Excel.Activities.Design.resources.dll",
        "lib/net461/pt/UiPath.Excel.Activities.resources.dll",
        "lib/net461/pt/UiPath.Excel.resources.dll",
        "lib/net461/ru/UiPath.Excel.Activities.Design.resources.dll",
        "lib/net461/ru/UiPath.Excel.Activities.resources.dll",
        "lib/net461/ru/UiPath.Excel.resources.dll",
        "lib/net461/tr/UiPath.Excel.Activities.Design.resources.dll",
        "lib/net461/tr/UiPath.Excel.Activities.resources.dll",
        "lib/net461/tr/UiPath.Excel.resources.dll",
        "lib/net461/zh-CN/UiPath.Excel.Activities.Design.resources.dll",
        "lib/net461/zh-CN/UiPath.Excel.Activities.resources.dll",
        "lib/net461/zh-CN/UiPath.Excel.resources.dll",
        "uipath.excel.activities.2.8.5.nupkg.sha512",
        "uipath.excel.activities.nuspec"
      ]
    },
    "UiPath.FormActivityLibrary/1.1.2": {
      "sha512": "Ow63bLOVyJHv1MCyvAZGwIt4r1O4ay6umf8BhxweJXF7dzmcR6zhU85SqUTawf/5/yOebLCdRT5Yk4/ANP4DuA==",
      "type": "package",
      "path": "uipath.formactivitylibrary/1.1.2",
      "files": [
        ".nupkg.metadata",
        ".signature.p7s",
        "content/Resources/UIPATH_Logo.png",
        "content/UI/Designer/assets/fonts/fontawesome-webfont.svg",
        "content/UI/Designer/assets/fonts/glyphicons-halflings-regular.svg",
        "content/UI/Designer/assets/icons/dark/AddTemplateDark.png",
        "content/UI/Designer/assets/icons/dark/ExitPreviewDark.png",
        "content/UI/Designer/assets/icons/dark/PreviewDark.png",
        "content/UI/Designer/assets/icons/dark/RemoveDark.png",
        "content/UI/Designer/assets/icons/dark/SaveAsDark.png",
        "content/UI/Designer/assets/icons/dark/SaveDark.png",
        "content/UI/Designer/assets/icons/dark/ThemeDark.png",
        "content/UI/Designer/assets/icons/dark/UiPath_IconDark.png",
        "content/UI/Designer/assets/icons/default/AddTemplate.png",
        "content/UI/Designer/assets/icons/default/Preview.png",
        "content/UI/Designer/assets/icons/default/Remove.png",
        "content/UI/Designer/assets/icons/default/Reset.png",
        "content/UI/Designer/assets/icons/default/Save.png",
        "content/UI/Designer/assets/icons/default/SaveAs.png",
        "content/UI/Designer/assets/icons/default/Theme.png",
        "content/UI/Designer/assets/icons/selected/AddTemplate.png",
        "content/UI/Designer/assets/icons/selected/ExitPreview.png",
        "content/UI/Designer/assets/icons/selected/Preview.png",
        "content/UI/Designer/assets/icons/selected/Remove.png",
        "content/UI/Designer/assets/icons/selected/Save.png",
        "content/UI/Designer/assets/icons/selected/SaveAs.png",
        "content/UI/Designer/assets/icons/selected/Theme.png",
        "content/UI/Designer/assets/images/loader.gif",
        "content/UI/Designer/assets/themeicons/addtheme.png",
        "content/UI/Designer/assets/themeicons/cerulean.png",
        "content/UI/Designer/assets/themeicons/cosmo.png",
        "content/UI/Designer/assets/themeicons/cyborg.png",
        "content/UI/Designer/assets/themeicons/darkly.png",
        "content/UI/Designer/assets/themeicons/flatly.png",
        "content/UI/Designer/assets/themeicons/journal.png",
        "content/UI/Designer/assets/themeicons/lumen.png",
        "content/UI/Designer/assets/themeicons/paper.png",
        "content/UI/Designer/assets/themeicons/readable.png",
        "content/UI/Designer/assets/themeicons/sandstone.png",
        "content/UI/Designer/assets/themeicons/simplex.png",
        "content/UI/Designer/assets/themeicons/slate.png",
        "content/UI/Designer/assets/themeicons/spacelab.png",
        "content/UI/Designer/assets/themeicons/superhero.png",
        "content/UI/Designer/assets/themeicons/uipath.png",
        "content/UI/Designer/assets/themeicons/united.png",
        "content/UI/Designer/assets/themeicons/yeti.png",
        "content/UI/Designer/css/bootstrap.min.css",
        "content/UI/Designer/css/font-awesome.min.css",
        "content/UI/Designer/css/styles.css",
        "content/UI/Designer/css/themes/callout-cerulean-blue.css",
        "content/UI/Designer/css/themes/callout-cerulean-white.css",
        "content/UI/Designer/css/themes/cerulean.bootstrap.min.css",
        "content/UI/Designer/css/themes/cosmo.bootstrap.min.css",
        "content/UI/Designer/css/themes/cyborg.bootstrap.min.css",
        "content/UI/Designer/css/themes/darkly.bootstrap.min.css",
        "content/UI/Designer/css/themes/flatly.bootstrap.min.css",
        "content/UI/Designer/css/themes/journal.bootstrap.min.css",
        "content/UI/Designer/css/themes/lumen.bootstrap.min.css",
        "content/UI/Designer/css/themes/paper.bootstrap.min.css",
        "content/UI/Designer/css/themes/readable.bootstrap.min.css",
        "content/UI/Designer/css/themes/sandstone.bootstrap.min.css",
        "content/UI/Designer/css/themes/simplex.bootstrap.min.css",
        "content/UI/Designer/css/themes/slate.bootstrap.min.css",
        "content/UI/Designer/css/themes/spacelab.bootstrap.min.css",
        "content/UI/Designer/css/themes/superhero.bootstrap.min.css",
        "content/UI/Designer/css/themes/uipath.bootstrap.min.css",
        "content/UI/Designer/css/themes/uipath.custom.css",
        "content/UI/Designer/css/themes/uipath.dark.custom.css",
        "content/UI/Designer/css/themes/united.bootstrap.min.css",
        "content/UI/Designer/css/themes/yeti.bootstrap.min.css",
        "content/UI/Designer/index.html",
        "content/UI/Designer/js/bootstrap.min.js",
        "content/UI/Designer/js/es2015-polyfills.js",
        "content/UI/Designer/js/jquery-3.4.0.min.js",
        "content/UI/Designer/js/main.js",
        "content/UI/Designer/js/polyfills.js",
        "content/UI/Designer/js/runtime.js",
        "content/UI/Formio/FormDisplay.html",
        "content/UI/Formio/css/bootstrap.min.css",
        "content/UI/Formio/css/callout_styles.css",
        "content/UI/Formio/css/custom.css",
        "content/UI/Formio/css/customformstyle.css",
        "content/UI/Formio/css/formio.full.min.css",
        "content/UI/Formio/css/roboto.css",
        "content/UI/Formio/jquery/jquery-1.7.1.min.js",
        "content/UI/Formio/js/FilePath.js",
        "content/UI/Formio/js/Label.js",
        "content/UI/Formio/js/formio.full.min.js",
        "content/UI/Formio/js/uipath-formio-ext.js",
        "content/UI/Formio/js/uipath_apply_theme.js",
        "content/UI/Formio/js/uipath_formio_filepath_for_render.js",
        "content/UI/Formio/js/uipath_render.js",
        "content/UI/Templates/CALLOUT/Callout_Buttons.json",
        "content/UI/Templates/CALLOUT/Callout_InfoBubble.json",
        "content/UI/Templates/CALLOUT/Callout_Textbox.json",
        "content/UI/Templates/CALLOUT/version.txt",
        "content/UI/Templates/FORMS/CRM Support Ticket Form.json",
        "content/UI/Templates/FORMS/Contact Information.json",
        "content/UI/Templates/FORMS/Credit Card Order Form.json",
        "content/UI/Templates/FORMS/Feedback Form.json",
        "content/UI/Templates/FORMS/IT Service Ticket.json",
        "content/UI/Templates/FORMS/Supplier Invoice Submission Form.json",
        "content/UI/Templates/FORMS/version.txt",
        "lib/net461/UiPath.Form.ActivityLibrary.dll",
        "lib/net461/UiPath.Form.Host.Local.dll",
        "lib/net461/UiPath.Form.dll",
        "lib/net461/UiPath.OutOfProcessUi.Common.dll",
        "lib/net461/UiPath.OutOfProcessUi.Host.WCF.exe",
        "lib/net461/de/UiPath.Form.Host.Local.resources.dll",
        "lib/net461/es-MX/UiPath.Form.Host.Local.resources.dll",
        "lib/net461/es/UiPath.Form.Host.Local.resources.dll",
        "lib/net461/fr/UiPath.Form.Host.Local.resources.dll",
        "lib/net461/ja/UiPath.Form.Host.Local.resources.dll",
        "lib/net461/ko/UiPath.Form.Host.Local.resources.dll",
        "lib/net461/pt-BR/UiPath.Form.Host.Local.resources.dll",
        "lib/net461/pt/UiPath.Form.Host.Local.resources.dll",
        "lib/net461/ru/UiPath.Form.Host.Local.resources.dll",
        "lib/net461/tr/UiPath.Form.Host.Local.resources.dll",
        "lib/net461/zh-CN/UiPath.Form.Host.Local.resources.dll",
        "uipath.formactivitylibrary.1.1.2.nupkg.sha512",
        "uipath.formactivitylibrary.nuspec"
      ]
    },
    "UiPath.FormActivityLibrary.Contracts/1.1.1": {
      "sha512": "i1atEsSS+pXvITX2tCNon1CCKHFJFOTMs/+rGORxJ7Oww9dXpS5xtSNKuOQ9S/96a/HItBNO/lzXP6NNJWiKOQ==",
      "type": "package",
      "path": "uipath.formactivitylibrary.contracts/1.1.1",
      "files": [
        ".nupkg.metadata",
        ".signature.p7s",
        "lib/net461/UiPath.Form.ActivityLibrary.Contracts.dll",
        "uipath.formactivitylibrary.contracts.1.1.1.nupkg.sha512",
        "uipath.formactivitylibrary.contracts.nuspec"
      ]
    },
    "UiPath.Mail.Activities/1.8.5": {
      "sha512": "AsVEjTHg8tRG5xEfpHnNZVPKFVi0kRwPR2MPZFWbDUM8zAMSAfKBbKuHvGrhb0cwkpzQQ7H8JCtGHziEZeu5Eg==",
      "type": "package",
      "path": "uipath.mail.activities/1.8.5",
      "files": [
        ".nupkg.metadata",
        ".signature.p7s",
        "lib/net461/MailKit.dll",
        "lib/net461/MailKit.xml",
        "lib/net461/MimeKit.dll",
        "lib/net461/MimeKit.xml",
        "lib/net461/UiPath.Mail.Activities.Design.dll",
        "lib/net461/UiPath.Mail.Activities.dll",
        "lib/net461/UiPath.Mail.dll",
        "lib/net461/de/UiPath.Mail.Activities.Design.resources.dll",
        "lib/net461/de/UiPath.Mail.Activities.resources.dll",
        "lib/net461/de/UiPath.Mail.resources.dll",
        "lib/net461/es-MX/UiPath.Mail.Activities.Design.resources.dll",
        "lib/net461/es-MX/UiPath.Mail.Activities.resources.dll",
        "lib/net461/es-MX/UiPath.Mail.resources.dll",
        "lib/net461/es/UiPath.Mail.Activities.Design.resources.dll",
        "lib/net461/es/UiPath.Mail.Activities.resources.dll",
        "lib/net461/es/UiPath.Mail.resources.dll",
        "lib/net461/fr/UiPath.Mail.Activities.Design.resources.dll",
        "lib/net461/fr/UiPath.Mail.Activities.resources.dll",
        "lib/net461/fr/UiPath.Mail.resources.dll",
        "lib/net461/ja/UiPath.Mail.Activities.Design.resources.dll",
        "lib/net461/ja/UiPath.Mail.Activities.resources.dll",
        "lib/net461/ja/UiPath.Mail.resources.dll",
        "lib/net461/ko/UiPath.Mail.Activities.Design.resources.dll",
        "lib/net461/ko/UiPath.Mail.Activities.resources.dll",
        "lib/net461/ko/UiPath.Mail.resources.dll",
        "lib/net461/pt-BR/UiPath.Mail.Activities.Design.resources.dll",
        "lib/net461/pt-BR/UiPath.Mail.Activities.resources.dll",
        "lib/net461/pt-BR/UiPath.Mail.resources.dll",
        "lib/net461/pt/UiPath.Mail.Activities.Design.resources.dll",
        "lib/net461/pt/UiPath.Mail.Activities.resources.dll",
        "lib/net461/pt/UiPath.Mail.resources.dll",
        "lib/net461/ru/UiPath.Mail.Activities.Design.resources.dll",
        "lib/net461/ru/UiPath.Mail.Activities.resources.dll",
        "lib/net461/ru/UiPath.Mail.resources.dll",
        "lib/net461/tr/UiPath.Mail.Activities.Design.resources.dll",
        "lib/net461/tr/UiPath.Mail.Activities.resources.dll",
        "lib/net461/tr/UiPath.Mail.resources.dll",
        "lib/net461/zh-CN/UiPath.Mail.Activities.Design.resources.dll",
        "lib/net461/zh-CN/UiPath.Mail.Activities.resources.dll",
        "lib/net461/zh-CN/UiPath.Mail.resources.dll",
        "uipath.mail.activities.1.8.5.nupkg.sha512",
        "uipath.mail.activities.nuspec"
      ]
    },
    "UiPath.MicrosoftOffice365.Activities/1.2.1": {
      "sha512": "N5/LPEVv6WqZpOXgiuof49Pd8oTt/4rjWE2zUMVXVvEK/c3wyd2EPj6i7K3eSoAEO9f9t4wMrUItI7tDmcCZQw==",
      "type": "package",
      "path": "uipath.microsoftoffice365.activities/1.2.1",
      "files": [
        ".nupkg.metadata",
        ".signature.p7s",
        "lib/net461/UiPath.MicrosoftOffice365.Activities.Design.dll",
        "lib/net461/UiPath.MicrosoftOffice365.Activities.Design.xml",
        "lib/net461/UiPath.MicrosoftOffice365.Activities.dll",
        "lib/net461/UiPath.MicrosoftOffice365.Activities.xml",
        "lib/net461/UiPath.MicrosoftOffice365.dll",
        "lib/net461/UiPath.MicrosoftOffice365.xml",
        "lib/net461/de/UiPath.MicrosoftOffice365.Activities.Design.resources.dll",
        "lib/net461/de/UiPath.MicrosoftOffice365.Activities.resources.dll",
        "lib/net461/es-MX/UiPath.MicrosoftOffice365.Activities.Design.resources.dll",
        "lib/net461/es-MX/UiPath.MicrosoftOffice365.Activities.resources.dll",
        "lib/net461/es/UiPath.MicrosoftOffice365.Activities.Design.resources.dll",
        "lib/net461/es/UiPath.MicrosoftOffice365.Activities.resources.dll",
        "lib/net461/fr/UiPath.MicrosoftOffice365.Activities.Design.resources.dll",
        "lib/net461/fr/UiPath.MicrosoftOffice365.Activities.resources.dll",
        "lib/net461/ja/UiPath.MicrosoftOffice365.Activities.Design.resources.dll",
        "lib/net461/ja/UiPath.MicrosoftOffice365.Activities.resources.dll",
        "lib/net461/ko/UiPath.MicrosoftOffice365.Activities.Design.resources.dll",
        "lib/net461/ko/UiPath.MicrosoftOffice365.Activities.resources.dll",
        "lib/net461/pt-BR/UiPath.MicrosoftOffice365.Activities.Design.resources.dll",
        "lib/net461/pt-BR/UiPath.MicrosoftOffice365.Activities.resources.dll",
        "lib/net461/pt/UiPath.MicrosoftOffice365.Activities.Design.resources.dll",
        "lib/net461/pt/UiPath.MicrosoftOffice365.Activities.resources.dll",
        "lib/net461/ru/UiPath.MicrosoftOffice365.Activities.Design.resources.dll",
        "lib/net461/ru/UiPath.MicrosoftOffice365.Activities.resources.dll",
        "lib/net461/tr/UiPath.MicrosoftOffice365.Activities.Design.resources.dll",
        "lib/net461/tr/UiPath.MicrosoftOffice365.Activities.resources.dll",
        "lib/net461/zh-CN/UiPath.MicrosoftOffice365.Activities.Design.resources.dll",
        "lib/net461/zh-CN/UiPath.MicrosoftOffice365.Activities.resources.dll",
        "uipath.microsoftoffice365.activities.1.2.1.nupkg.sha512",
        "uipath.microsoftoffice365.activities.nuspec"
      ]
    },
    "UiPath.MLServices.Activities/1.1.0.22289-preview": {
      "sha512": "RfWzrkk3+swaCLzLBiVRoQ/3vtrT1EzLpPBLL1mY/OjJ6CMbXq0tkayQ+IzEwhlB8rNZIodKo+WjxdMxX9sZzQ==",
      "type": "package",
      "path": "uipath.mlservices.activities/1.1.0.22289-preview",
      "files": [
        ".nupkg.metadata",
        ".signature.p7s",
        "lib/net461/UiPath.MLServices.Activities.Design.dll",
        "lib/net461/UiPath.MLServices.Activities.dll",
        "lib/net461/UiPath.MLServices.dll",
        "lib/net461/de/UiPath.MLServices.Activities.Design.resources.dll",
        "lib/net461/de/UiPath.MLServices.Activities.resources.dll",
        "lib/net461/de/UiPath.MLServices.resources.dll",
        "lib/net461/es-MX/UiPath.MLServices.Activities.Design.resources.dll",
        "lib/net461/es-MX/UiPath.MLServices.Activities.resources.dll",
        "lib/net461/es-MX/UiPath.MLServices.resources.dll",
        "lib/net461/es/UiPath.MLServices.Activities.Design.resources.dll",
        "lib/net461/es/UiPath.MLServices.Activities.resources.dll",
        "lib/net461/es/UiPath.MLServices.resources.dll",
        "lib/net461/fr/UiPath.MLServices.Activities.Design.resources.dll",
        "lib/net461/fr/UiPath.MLServices.Activities.resources.dll",
        "lib/net461/fr/UiPath.MLServices.resources.dll",
        "lib/net461/ja/UiPath.MLServices.Activities.Design.resources.dll",
        "lib/net461/ja/UiPath.MLServices.Activities.resources.dll",
        "lib/net461/ja/UiPath.MLServices.resources.dll",
        "lib/net461/ko/UiPath.MLServices.Activities.Design.resources.dll",
        "lib/net461/ko/UiPath.MLServices.Activities.resources.dll",
        "lib/net461/ko/UiPath.MLServices.resources.dll",
        "lib/net461/pt-BR/UiPath.MLServices.Activities.Design.resources.dll",
        "lib/net461/pt-BR/UiPath.MLServices.Activities.resources.dll",
        "lib/net461/pt-BR/UiPath.MLServices.resources.dll",
        "lib/net461/pt/UiPath.MLServices.Activities.Design.resources.dll",
        "lib/net461/pt/UiPath.MLServices.Activities.resources.dll",
        "lib/net461/pt/UiPath.MLServices.resources.dll",
        "lib/net461/ru/UiPath.MLServices.Activities.Design.resources.dll",
        "lib/net461/ru/UiPath.MLServices.Activities.resources.dll",
        "lib/net461/ru/UiPath.MLServices.resources.dll",
        "lib/net461/tr/UiPath.MLServices.Activities.Design.resources.dll",
        "lib/net461/tr/UiPath.MLServices.Activities.resources.dll",
        "lib/net461/tr/UiPath.MLServices.resources.dll",
        "lib/net461/zh-CN/UiPath.MLServices.Activities.Design.resources.dll",
        "lib/net461/zh-CN/UiPath.MLServices.Activities.resources.dll",
        "lib/net461/zh-CN/UiPath.MLServices.resources.dll",
        "uipath.mlservices.activities.1.1.0.22289-preview.nupkg.sha512",
        "uipath.mlservices.activities.nuspec"
      ]
    },
    "UiPath.Persistence.Activities/1.1.3": {
      "sha512": "/M17q71qGKPEfI4aKcOucFCehAzmryZD8AfuEzPr6ffn4lib57YBslyi0S5gcv4mEKBNa1qs2yFE6ijLqHFCbw==",
      "type": "package",
      "path": "uipath.persistence.activities/1.1.3",
      "files": [
        ".nupkg.metadata",
        ".signature.p7s",
        "content/ReleaseNotes.txt",
        "lib/net461/UiPath.Orchestrator.Service.dll",
        "lib/net461/UiPath.Persistence.Activities.Design.dll",
        "lib/net461/UiPath.Persistence.Activities.dll",
        "lib/net461/UiPath.Persistence.Orchestrator.Client.dll",
        "lib/net461/de/UiPath.Persistence.Activities.Design.resources.dll",
        "lib/net461/de/UiPath.Persistence.Activities.resources.dll",
        "lib/net461/es-MX/UiPath.Persistence.Activities.Design.resources.dll",
        "lib/net461/es-MX/UiPath.Persistence.Activities.resources.dll",
        "lib/net461/es/UiPath.Persistence.Activities.Design.resources.dll",
        "lib/net461/es/UiPath.Persistence.Activities.resources.dll",
        "lib/net461/fr/UiPath.Persistence.Activities.Design.resources.dll",
        "lib/net461/fr/UiPath.Persistence.Activities.resources.dll",
        "lib/net461/ja/UiPath.Persistence.Activities.Design.resources.dll",
        "lib/net461/ja/UiPath.Persistence.Activities.resources.dll",
        "lib/net461/ko/UiPath.Persistence.Activities.Design.resources.dll",
        "lib/net461/ko/UiPath.Persistence.Activities.resources.dll",
        "lib/net461/pt-BR/UiPath.Persistence.Activities.Design.resources.dll",
        "lib/net461/pt-BR/UiPath.Persistence.Activities.resources.dll",
        "lib/net461/pt/UiPath.Persistence.Activities.Design.resources.dll",
        "lib/net461/pt/UiPath.Persistence.Activities.resources.dll",
        "lib/net461/ru/UiPath.Persistence.Activities.Design.resources.dll",
        "lib/net461/ru/UiPath.Persistence.Activities.resources.dll",
        "lib/net461/tr/UiPath.Persistence.Activities.Design.resources.dll",
        "lib/net461/tr/UiPath.Persistence.Activities.resources.dll",
        "lib/net461/zh-CN/UiPath.Persistence.Activities.Design.resources.dll",
        "lib/net461/zh-CN/UiPath.Persistence.Activities.resources.dll",
        "uipath.persistence.activities.1.1.3.nupkg.sha512",
        "uipath.persistence.activities.nuspec"
      ]
    },
    "UiPath.System.Activities/20.4.0": {
      "sha512": "qIQOD9X8kBwsaFspgLaWlywUfuoUXl6+Sbj3h7CZqkGcSJDBP+FkVZyrZR7mzieKLtsE2JFCMoHTmw0+Iz5eHQ==",
      "type": "package",
      "path": "uipath.system.activities/20.4.0",
      "files": [
        ".nupkg.metadata",
        ".signature.p7s",
        "lib/net461/ActiproSoftware.Docking.Wpf.dll",
        "lib/net461/ActiproSoftware.Ribbon.Wpf.dll",
        "lib/net461/ActiproSoftware.Shared.Wpf.dll",
        "lib/net461/ActiproSoftware.SyntaxEditor.Addons.DotNet.Wpf.dll",
        "lib/net461/ActiproSoftware.SyntaxEditor.Wpf.dll",
        "lib/net461/ActiproSoftware.Text.Addons.DotNet.Wpf.dll",
        "lib/net461/ActiproSoftware.Text.LLParser.Wpf.dll",
        "lib/net461/ActiproSoftware.Text.Wpf.dll",
        "lib/net461/ActiproSoftware.Wizard.Wpf.dll",
        "lib/net461/CustomInputForm.exe",
        "lib/net461/UiPath.OrchestratorClient.dll",
        "lib/net461/UiPath.System.Activities.Design.dll",
        "lib/net461/UiPath.System.Activities.dll",
        "lib/net461/de/UiPath.System.Activities.Design.resources.dll",
        "lib/net461/de/UiPath.System.Activities.resources.dll",
        "lib/net461/es-MX/UiPath.System.Activities.Design.resources.dll",
        "lib/net461/es-MX/UiPath.System.Activities.resources.dll",
        "lib/net461/es/UiPath.System.Activities.Design.resources.dll",
        "lib/net461/es/UiPath.System.Activities.resources.dll",
        "lib/net461/fr/UiPath.System.Activities.Design.resources.dll",
        "lib/net461/fr/UiPath.System.Activities.resources.dll",
        "lib/net461/ja/UiPath.System.Activities.Design.resources.dll",
        "lib/net461/ja/UiPath.System.Activities.resources.dll",
        "lib/net461/ko/UiPath.System.Activities.Design.resources.dll",
        "lib/net461/ko/UiPath.System.Activities.resources.dll",
        "lib/net461/pt-BR/UiPath.System.Activities.Design.resources.dll",
        "lib/net461/pt-BR/UiPath.System.Activities.resources.dll",
        "lib/net461/pt/UiPath.System.Activities.Design.resources.dll",
        "lib/net461/pt/UiPath.System.Activities.resources.dll",
        "lib/net461/ru/UiPath.System.Activities.Design.resources.dll",
        "lib/net461/ru/UiPath.System.Activities.resources.dll",
        "lib/net461/tr/UiPath.System.Activities.Design.resources.dll",
        "lib/net461/tr/UiPath.System.Activities.resources.dll",
        "lib/net461/zh-CN/UiPath.System.Activities.Design.resources.dll",
        "lib/net461/zh-CN/UiPath.System.Activities.resources.dll",
        "uipath.system.activities.20.4.0.nupkg.sha512",
        "uipath.system.activities.nuspec"
      ]
    },
    "UiPath.WebAPI.Activities/1.4.5": {
      "sha512": "6sB7gFYBZ+MqDR2mSRIkc/IUDnXsmENfMDSe7bc81TxjN8+h9v6aq5bEpyCDt295Ca2eRvgU9b34uu+Uv4TnwA==",
      "type": "package",
      "path": "uipath.webapi.activities/1.4.5",
      "files": [
        ".nupkg.metadata",
        ".signature.p7s",
        "lib/net452/UiPath.Web.Activities.Design.dll",
        "lib/net452/UiPath.Web.Activities.dll",
        "lib/net452/UiPath.Web.dll",
        "lib/net452/de/UiPath.Web.Activities.Design.resources.dll",
        "lib/net452/de/UiPath.Web.Activities.resources.dll",
        "lib/net452/de/UiPath.Web.resources.dll",
        "lib/net452/es-MX/UiPath.Web.Activities.Design.resources.dll",
        "lib/net452/es-MX/UiPath.Web.Activities.resources.dll",
        "lib/net452/es-MX/UiPath.Web.resources.dll",
        "lib/net452/es/UiPath.Web.Activities.Design.resources.dll",
        "lib/net452/es/UiPath.Web.Activities.resources.dll",
        "lib/net452/es/UiPath.Web.resources.dll",
        "lib/net452/fr/UiPath.Web.Activities.Design.resources.dll",
        "lib/net452/fr/UiPath.Web.Activities.resources.dll",
        "lib/net452/fr/UiPath.Web.resources.dll",
        "lib/net452/ja/UiPath.Web.Activities.Design.resources.dll",
        "lib/net452/ja/UiPath.Web.Activities.resources.dll",
        "lib/net452/ja/UiPath.Web.resources.dll",
        "lib/net452/ko/UiPath.Web.Activities.Design.resources.dll",
        "lib/net452/ko/UiPath.Web.Activities.resources.dll",
        "lib/net452/ko/UiPath.Web.resources.dll",
        "lib/net452/pt-BR/UiPath.Web.Activities.Design.resources.dll",
        "lib/net452/pt-BR/UiPath.Web.Activities.resources.dll",
        "lib/net452/pt-BR/UiPath.Web.resources.dll",
        "lib/net452/pt/UiPath.Web.Activities.Design.resources.dll",
        "lib/net452/pt/UiPath.Web.Activities.resources.dll",
        "lib/net452/pt/UiPath.Web.resources.dll",
        "lib/net452/ru/UiPath.Web.Activities.Design.resources.dll",
        "lib/net452/ru/UiPath.Web.Activities.resources.dll",
        "lib/net452/ru/UiPath.Web.resources.dll",
        "lib/net452/tr/UiPath.Web.Activities.Design.resources.dll",
        "lib/net452/tr/UiPath.Web.Activities.resources.dll",
        "lib/net452/tr/UiPath.Web.resources.dll",
        "lib/net452/zh-CN/UiPath.Web.Activities.Design.resources.dll",
        "lib/net452/zh-CN/UiPath.Web.Activities.resources.dll",
        "lib/net452/zh-CN/UiPath.Web.resources.dll",
        "uipath.webapi.activities.1.4.5.nupkg.sha512",
        "uipath.webapi.activities.nuspec"
      ]
    }
  },
  "projectFileDependencyGroups": {
    "": [],
    ".NETFramework,Version=v4.6.1": [
      "UiPath.Excel.Activities >= 2.8.5 <= 2.8.5",
      "UiPath.FormActivityLibrary >= 1.1.2 <= 1.1.2",
      "UiPath.MLServices.Activities >= 1.1.0.22289-preview <= 1.1.0.22289-preview",
      "UiPath.Mail.Activities >= 1.8.5 <= 1.8.5",
      "UiPath.MicrosoftOffice365.Activities >= 1.2.1 <= 1.2.1",
      "UiPath.Persistence.Activities >= 1.1.3 <= 1.1.3",
      "UiPath.System.Activities >= 20.4.0 <= 20.4.0",
      "UiPath.UIAutomation.Activities >= 20.6.0-alpha.962685 <= 20.6.0-alpha.962685",
      "UiPath.WebAPI.Activities >= 1.4.5 <= 1.4.5"
    ]
  },
  "packageFolders": {
    "C:\\Users\\razvan.petria\\.nuget\\packages\\": {}
  },
  "project": {
    "restore": {
      "projectUniqueName": "ConsumerComplaints_Retraining",
      "projectName": "ConsumerComplaints_Retraining",
      "projectPath": "C:\\Users\\razvan.petria\\Desktop\\Diverse 2\\AI Fabric\\ConsumerComplaints_Retraining\\.local",
      "packagesPath": "C:\\Users\\razvan.petria\\.nuget\\packages\\",
      "outputPath": "C:\\Users\\razvan.petria\\Desktop\\Diverse 2\\AI Fabric\\ConsumerComplaints_Retraining\\.local"
    },
    "frameworks": {
      "net461": {
        "dependencies": {
          "UiPath.Excel.Activities": {
            "include": "Runtime",
            "target": "Package",
            "version": "[2.8.5, 2.8.5]"
          },
          "UiPath.FormActivityLibrary": {
            "include": "Runtime",
            "target": "Package",
            "version": "[1.1.2, 1.1.2]"
          },
          "UiPath.MLServices.Activities": {
            "include": "Runtime",
            "target": "Package",
            "version": "[1.1.0.22289-preview, 1.1.0.22289-preview]"
          },
          "UiPath.Mail.Activities": {
            "include": "Runtime",
            "target": "Package",
            "version": "[1.8.5, 1.8.5]"
          },
          "UiPath.MicrosoftOffice365.Activities": {
            "include": "Runtime",
            "target": "Package",
            "version": "[1.2.1, 1.2.1]"
          },
          "UiPath.Persistence.Activities": {
            "include": "Runtime",
            "target": "Package",
            "version": "[1.1.3, 1.1.3]"
          },
          "UiPath.System.Activities": {
            "include": "Runtime",
            "target": "Package",
            "version": "[20.4.0, 20.4.0]"
          },
          "UiPath.UIAutomation.Activities": {
            "include": "Runtime",
            "target": "Package",
            "version": "[20.6.0-alpha.962685, 20.6.0-alpha.962685]"
          },
          "UiPath.WebAPI.Activities": {
            "include": "Runtime",
            "target": "Package",
            "version": "[1.4.5, 1.4.5]"
          }
        }
      }
    }
  },
  "logs": [
    {
      "code": "NU1102",
      "level": "Error",
      "message": "Unable to find package UiPath.UIAutomation.Activities with version (= 20.6.0-alpha.962685)\r\n  - Found 27 version(s) in https://www.myget.org/F/workflow/ [ Nearest version: 20.4.1 ]\r\n  - Found 17 version(s) in https://www.myget.org/F/uipath/ [ Nearest version: 20.4.0-preview ]\r\n  - Found 17 version(s) in Beta [ Nearest version: 20.4.0-preview ]\r\n  - Found 1 version(s) in C:\\Users\\razvan.petria\\AppData\\Local\\UiPath\\app-20.4.0-beta1779\\.\\Packages [ Nearest version: 20.4.0-preview ]\r\n  - Found 1 version(s) in Local [ Nearest version: 20.4.0-preview ]\r\n  - Found 0 version(s) in https://cloud.uipath.com/uipathrpacoe/Attended/nuget/activities/attendeddvm4272607\r\n  - Found 0 version(s) in https://gallery.uipath.com/api/v2\r\n  - Found 0 version(s) in Connect",
      "libraryId": "UiPath.UIAutomation.Activities",
      "targetGraphs": [
        ".NETFramework,Version=v4.6.1"
      ]
    }
  ]
}