{
  "Packages": [
    {
      "Package": {
        "Id": "UiPath.Excel.Activities",
        "Version": "2.8.5"
      },
      "Assemblies": [
        "C:\\Users\\razvan.petria\\.nuget\\packages\\closedxml/0.94.2\\lib/net46/ClosedXML.dll",
        "C:\\Users\\razvan.petria\\.nuget\\packages\\csvhelper/2.13.5\\lib/net40-client/CsvHelper.dll",
        "C:\\Users\\razvan.petria\\.nuget\\packages\\documentformat.openxml/2.7.2\\lib/net46/DocumentFormat.OpenXml.dll",
        "C:\\Users\\razvan.petria\\.nuget\\packages\\excelnumberformat/1.0.3\\lib/net20/ExcelNumberFormat.dll",
        "C:\\Users\\razvan.petria\\.nuget\\packages\\fastmember/1.3.0\\lib/net45/FastMember.dll",
        "C:\\Users\\razvan.petria\\.nuget\\packages\\microsoft.visualstudio.ole.interop/7.10.6071\\lib/Microsoft.VisualStudio.OLE.Interop.dll",
        "C:\\Users\\razvan.petria\\.nuget\\packages\\npoi/2.4.1\\lib/net45/NPOI.OOXML.dll",
        "C:\\Users\\razvan.petria\\.nuget\\packages\\npoi/2.4.1\\lib/net45/NPOI.OpenXml4Net.dll",
        "C:\\Users\\razvan.petria\\.nuget\\packages\\npoi/2.4.1\\lib/net45/NPOI.OpenXmlFormats.dll",
        "C:\\Users\\razvan.petria\\.nuget\\packages\\npoi/2.4.1\\lib/net45/NPOI.dll",
        "C:\\Users\\razvan.petria\\.nuget\\packages\\sharpziplib/1.0.0\\lib/net45/ICSharpCode.SharpZipLib.dll",
        "C:\\Users\\razvan.petria\\.nuget\\packages\\system.io.filesystem.primitives/4.0.1\\lib/net46/System.IO.FileSystem.Primitives.dll",
        "C:\\Users\\razvan.petria\\.nuget\\packages\\system.io.packaging/4.0.0\\lib/net46/System.IO.Packaging.dll",
        "C:\\Users\\razvan.petria\\.nuget\\packages\\uipath.excel.activities/2.8.5\\lib/net461/UiPath.Excel.Activities.Design.dll",
        "C:\\Users\\razvan.petria\\.nuget\\packages\\uipath.excel.activities/2.8.5\\lib/net461/UiPath.Excel.Activities.dll",
        "C:\\Users\\razvan.petria\\.nuget\\packages\\uipath.excel.activities/2.8.5\\lib/net461/UiPath.Excel.dll"
      ],
      "Path": "C:\\Users\\razvan.petria\\.nuget\\packages\\uipath.excel.activities\\2.8.5"
    },
    {
      "Package": {
        "Id": "UiPath.FormActivityLibrary",
        "Version": "1.1.2"
      },
      "Assemblies": [
        "C:\\Users\\razvan.petria\\.nuget\\packages\\newtonsoft.json/11.0.2\\lib/net45/Newtonsoft.Json.dll",
        "C:\\Users\\razvan.petria\\.nuget\\packages\\system.runtime.compilerservices.unsafe/4.5.2\\lib/netstandard2.0/System.Runtime.CompilerServices.Unsafe.dll",
        "C:\\Users\\razvan.petria\\.nuget\\packages\\system.valuetuple/4.5.0\\lib/net461/System.ValueTuple.dll",
        "C:\\Users\\razvan.petria\\.nuget\\packages\\uipath.cefsharpbundle/1.2.0\\lib/net452/CefSharp.BrowserSubprocess.Core.dll",
        "C:\\Users\\razvan.petria\\.nuget\\packages\\uipath.cefsharpbundle/1.2.0\\lib/net452/CefSharp.Core.dll",
        "C:\\Users\\razvan.petria\\.nuget\\packages\\uipath.cefsharpbundle/1.2.0\\lib/net452/CefSharp.Wpf.dll",
        "C:\\Users\\razvan.petria\\.nuget\\packages\\uipath.cefsharpbundle/1.2.0\\lib/net452/CefSharp.dll",
        "C:\\Users\\razvan.petria\\.nuget\\packages\\uipath.cefsharpbundle/1.2.0\\lib/net452/UiPath.CEFSharpBundle.dll",
        "C:\\Users\\razvan.petria\\.nuget\\packages\\uipath.cefsharpbundle/1.2.0\\lib/net452/chrome_elf.dll",
        "C:\\Users\\razvan.petria\\.nuget\\packages\\uipath.cefsharpbundle/1.2.0\\lib/net452/d3dcompiler_47.dll",
        "C:\\Users\\razvan.petria\\.nuget\\packages\\uipath.cefsharpbundle/1.2.0\\lib/net452/libEGL.dll",
        "C:\\Users\\razvan.petria\\.nuget\\packages\\uipath.cefsharpbundle/1.2.0\\lib/net452/libGLESv2.dll",
        "C:\\Users\\razvan.petria\\.nuget\\packages\\uipath.cefsharpbundle/1.2.0\\lib/net452/libcef.dll",
        "C:\\Users\\razvan.petria\\.nuget\\packages\\uipath.cefsharpbundle/1.2.0\\lib/net452/msvcp140.dll",
        "C:\\Users\\razvan.petria\\.nuget\\packages\\uipath.cefsharpbundle/1.2.0\\lib/net452/swiftshader/libEGL.dll",
        "C:\\Users\\razvan.petria\\.nuget\\packages\\uipath.cefsharpbundle/1.2.0\\lib/net452/swiftshader/libGLESv2.dll",
        "C:\\Users\\razvan.petria\\.nuget\\packages\\uipath.cefsharpbundle/1.2.0\\lib/net452/vcruntime140.dll",
        "C:\\Users\\razvan.petria\\.nuget\\packages\\uipath.formactivitylibrary/1.1.2\\lib/net461/UiPath.Form.ActivityLibrary.dll",
        "C:\\Users\\razvan.petria\\.nuget\\packages\\uipath.formactivitylibrary/1.1.2\\lib/net461/UiPath.Form.Host.Local.dll",
        "C:\\Users\\razvan.petria\\.nuget\\packages\\uipath.formactivitylibrary/1.1.2\\lib/net461/UiPath.Form.dll",
        "C:\\Users\\razvan.petria\\.nuget\\packages\\uipath.formactivitylibrary/1.1.2\\lib/net461/UiPath.OutOfProcessUi.Common.dll",
        "C:\\Users\\razvan.petria\\.nuget\\packages\\uipath.formactivitylibrary.contracts/1.1.1\\lib/net461/UiPath.Form.ActivityLibrary.Contracts.dll"
      ],
      "Path": "C:\\Users\\razvan.petria\\.nuget\\packages\\uipath.formactivitylibrary\\1.1.2"
    },
    {
      "Package": {
        "Id": "UiPath.Mail.Activities",
        "Version": "1.8.5"
      },
      "Assemblies": [
        "C:\\Users\\razvan.petria\\.nuget\\packages\\bouncycastle/1.8.5\\lib/BouncyCastle.Crypto.dll",
        "C:\\Users\\razvan.petria\\.nuget\\packages\\interop.domino.dll/1.0.0\\lib/Interop.Domino.dll",
        "C:\\Users\\razvan.petria\\.nuget\\packages\\microsoft.exchange.webservices/2.2.0\\lib/40/Microsoft.Exchange.WebServices.Auth.dll",
        "C:\\Users\\razvan.petria\\.nuget\\packages\\microsoft.exchange.webservices/2.2.0\\lib/40/Microsoft.Exchange.WebServices.dll",
        "C:\\Users\\razvan.petria\\.nuget\\packages\\system.valuetuple/4.5.0\\lib/net461/System.ValueTuple.dll",
        "C:\\Users\\razvan.petria\\.nuget\\packages\\uipath.mail.activities/1.8.5\\lib/net461/MailKit.dll",
        "C:\\Users\\razvan.petria\\.nuget\\packages\\uipath.mail.activities/1.8.5\\lib/net461/MimeKit.dll",
        "C:\\Users\\razvan.petria\\.nuget\\packages\\uipath.mail.activities/1.8.5\\lib/net461/UiPath.Mail.Activities.Design.dll",
        "C:\\Users\\razvan.petria\\.nuget\\packages\\uipath.mail.activities/1.8.5\\lib/net461/UiPath.Mail.Activities.dll",
        "C:\\Users\\razvan.petria\\.nuget\\packages\\uipath.mail.activities/1.8.5\\lib/net461/UiPath.Mail.dll"
      ],
      "Path": "C:\\Users\\razvan.petria\\.nuget\\packages\\uipath.mail.activities\\1.8.5"
    },
    {
      "Package": {
        "Id": "UiPath.MicrosoftOffice365.Activities",
        "Version": "1.2.1"
      },
      "Assemblies": [
        "C:\\Users\\razvan.petria\\.nuget\\packages\\bouncycastle/1.8.5\\lib/BouncyCastle.Crypto.dll",
        "C:\\Users\\razvan.petria\\.nuget\\packages\\closedxml/0.94.2\\lib/net46/ClosedXML.dll",
        "C:\\Users\\razvan.petria\\.nuget\\packages\\documentformat.openxml/2.7.2\\lib/net46/DocumentFormat.OpenXml.dll",
        "C:\\Users\\razvan.petria\\.nuget\\packages\\excelnumberformat/1.0.3\\lib/net20/ExcelNumberFormat.dll",
        "C:\\Users\\razvan.petria\\.nuget\\packages\\fastmember/1.3.0\\lib/net45/FastMember.dll",
        "C:\\Users\\razvan.petria\\.nuget\\packages\\microsoft.graph/1.12.0\\lib/net45/Microsoft.Graph.dll",
        "C:\\Users\\razvan.petria\\.nuget\\packages\\microsoft.graph.core/1.12.0\\lib/net45/Microsoft.Graph.Core.dll",
        "C:\\Users\\razvan.petria\\.nuget\\packages\\microsoft.identity.client/2.7.1\\lib/net45/Microsoft.Identity.Client.dll",
        "C:\\Users\\razvan.petria\\.nuget\\packages\\mimekit/2.1.3\\lib/net45/MimeKit.dll",
        "C:\\Users\\razvan.petria\\.nuget\\packages\\newtonsoft.json/11.0.2\\lib/net45/Newtonsoft.Json.dll",
        "C:\\Users\\razvan.petria\\.nuget\\packages\\system.io.filesystem.primitives/4.0.1\\lib/net46/System.IO.FileSystem.Primitives.dll",
        "C:\\Users\\razvan.petria\\.nuget\\packages\\system.io.packaging/4.0.0\\lib/net46/System.IO.Packaging.dll",
        "C:\\Users\\razvan.petria\\.nuget\\packages\\system.runtime.compilerservices.unsafe/4.5.2\\lib/netstandard2.0/System.Runtime.CompilerServices.Unsafe.dll",
        "C:\\Users\\razvan.petria\\.nuget\\packages\\uipath.microsoftoffice365.activities/1.2.1\\lib/net461/UiPath.MicrosoftOffice365.Activities.Design.dll",
        "C:\\Users\\razvan.petria\\.nuget\\packages\\uipath.microsoftoffice365.activities/1.2.1\\lib/net461/UiPath.MicrosoftOffice365.Activities.dll",
        "C:\\Users\\razvan.petria\\.nuget\\packages\\uipath.microsoftoffice365.activities/1.2.1\\lib/net461/UiPath.MicrosoftOffice365.dll"
      ],
      "Path": "C:\\Users\\razvan.petria\\.nuget\\packages\\uipath.microsoftoffice365.activities\\1.2.1"
    },
    {
      "Package": {
        "Id": "UiPath.MLServices.Activities",
        "Version": "1.1.0.22289-preview"
      },
      "Assemblies": [
        "C:\\Users\\razvan.petria\\.nuget\\packages\\newtonsoft.json/11.0.2\\lib/net45/Newtonsoft.Json.dll",
        "C:\\Users\\razvan.petria\\.nuget\\packages\\uipath.mlservices.activities/1.1.0.22289-preview\\lib/net461/UiPath.MLServices.Activities.Design.dll",
        "C:\\Users\\razvan.petria\\.nuget\\packages\\uipath.mlservices.activities/1.1.0.22289-preview\\lib/net461/UiPath.MLServices.Activities.dll",
        "C:\\Users\\razvan.petria\\.nuget\\packages\\uipath.mlservices.activities/1.1.0.22289-preview\\lib/net461/UiPath.MLServices.dll"
      ],
      "Path": "C:\\Users\\razvan.petria\\.nuget\\packages\\uipath.mlservices.activities\\1.1.0.22289-preview"
    },
    {
      "Package": {
        "Id": "UiPath.Persistence.Activities",
        "Version": "1.1.3"
      },
      "Assemblies": [
        "C:\\Users\\razvan.petria\\.nuget\\packages\\microsoft.rest.clientruntime/2.3.20\\lib/net461/Microsoft.Rest.ClientRuntime.dll",
        "C:\\Users\\razvan.petria\\.nuget\\packages\\newtonsoft.json/11.0.2\\lib/net45/Newtonsoft.Json.dll",
        "C:\\Users\\razvan.petria\\.nuget\\packages\\uipath.formactivitylibrary.contracts/1.1.1\\lib/net461/UiPath.Form.ActivityLibrary.Contracts.dll",
        "C:\\Users\\razvan.petria\\.nuget\\packages\\uipath.persistence.activities/1.1.3\\lib/net461/UiPath.Orchestrator.Service.dll",
        "C:\\Users\\razvan.petria\\.nuget\\packages\\uipath.persistence.activities/1.1.3\\lib/net461/UiPath.Persistence.Activities.Design.dll",
        "C:\\Users\\razvan.petria\\.nuget\\packages\\uipath.persistence.activities/1.1.3\\lib/net461/UiPath.Persistence.Activities.dll",
        "C:\\Users\\razvan.petria\\.nuget\\packages\\uipath.persistence.activities/1.1.3\\lib/net461/UiPath.Persistence.Orchestrator.Client.dll"
      ],
      "Path": "C:\\Users\\razvan.petria\\.nuget\\packages\\uipath.persistence.activities\\1.1.3"
    },
    {
      "Package": {
        "Id": "UiPath.System.Activities",
        "Version": "20.4.0"
      },
      "Assemblies": [
        "C:\\Users\\razvan.petria\\.nuget\\packages\\csvhelper/2.13.5\\lib/net40-client/CsvHelper.dll",
        "C:\\Users\\razvan.petria\\.nuget\\packages\\microsoft.aspnet.signalr.client/2.4.0\\lib/net45/Microsoft.AspNet.SignalR.Client.dll",
        "C:\\Users\\razvan.petria\\.nuget\\packages\\microsoft.rest.clientruntime/2.3.20\\lib/net461/Microsoft.Rest.ClientRuntime.dll",
        "C:\\Users\\razvan.petria\\.nuget\\packages\\newtonsoft.json/11.0.2\\lib/net45/Newtonsoft.Json.dll",
        "C:\\Users\\razvan.petria\\.nuget\\packages\\uipath.system.activities/20.4.0\\lib/net461/ActiproSoftware.Docking.Wpf.dll",
        "C:\\Users\\razvan.petria\\.nuget\\packages\\uipath.system.activities/20.4.0\\lib/net461/ActiproSoftware.Ribbon.Wpf.dll",
        "C:\\Users\\razvan.petria\\.nuget\\packages\\uipath.system.activities/20.4.0\\lib/net461/ActiproSoftware.Shared.Wpf.dll",
        "C:\\Users\\razvan.petria\\.nuget\\packages\\uipath.system.activities/20.4.0\\lib/net461/ActiproSoftware.SyntaxEditor.Addons.DotNet.Wpf.dll",
        "C:\\Users\\razvan.petria\\.nuget\\packages\\uipath.system.activities/20.4.0\\lib/net461/ActiproSoftware.SyntaxEditor.Wpf.dll",
        "C:\\Users\\razvan.petria\\.nuget\\packages\\uipath.system.activities/20.4.0\\lib/net461/ActiproSoftware.Text.Addons.DotNet.Wpf.dll",
        "C:\\Users\\razvan.petria\\.nuget\\packages\\uipath.system.activities/20.4.0\\lib/net461/ActiproSoftware.Text.LLParser.Wpf.dll",
        "C:\\Users\\razvan.petria\\.nuget\\packages\\uipath.system.activities/20.4.0\\lib/net461/ActiproSoftware.Text.Wpf.dll",
        "C:\\Users\\razvan.petria\\.nuget\\packages\\uipath.system.activities/20.4.0\\lib/net461/ActiproSoftware.Wizard.Wpf.dll",
        "C:\\Users\\razvan.petria\\.nuget\\packages\\uipath.system.activities/20.4.0\\lib/net461/UiPath.OrchestratorClient.dll",
        "C:\\Users\\razvan.petria\\.nuget\\packages\\uipath.system.activities/20.4.0\\lib/net461/UiPath.System.Activities.Design.dll",
        "C:\\Users\\razvan.petria\\.nuget\\packages\\uipath.system.activities/20.4.0\\lib/net461/UiPath.System.Activities.dll"
      ],
      "Path": "C:\\Users\\razvan.petria\\.nuget\\packages\\uipath.system.activities\\20.4.0"
    },
    {
      "Package": {
        "Id": "UiPath.UIAutomation.Activities",
        "Version": "[20.6.0-alpha.962685]"
      },
      "Assemblies": [],
      "Path": null
    },
    {
      "Package": {
        "Id": "UiPath.WebAPI.Activities",
        "Version": "1.4.5"
      },
      "Assemblies": [
        "C:\\Users\\razvan.petria\\.nuget\\packages\\avalonedit/5.0.3\\lib/Net40/ICSharpCode.AvalonEdit.dll",
        "C:\\Users\\razvan.petria\\.nuget\\packages\\newtonsoft.json/11.0.2\\lib/net45/Newtonsoft.Json.dll",
        "C:\\Users\\razvan.petria\\.nuget\\packages\\restsharp/106.3.1\\lib/net452/RestSharp.dll",
        "C:\\Users\\razvan.petria\\.nuget\\packages\\uipath.webapi.activities/1.4.5\\lib/net452/UiPath.Web.Activities.Design.dll",
        "C:\\Users\\razvan.petria\\.nuget\\packages\\uipath.webapi.activities/1.4.5\\lib/net452/UiPath.Web.Activities.dll",
        "C:\\Users\\razvan.petria\\.nuget\\packages\\uipath.webapi.activities/1.4.5\\lib/net452/UiPath.Web.dll"
      ],
      "Path": "C:\\Users\\razvan.petria\\.nuget\\packages\\uipath.webapi.activities\\1.4.5"
    }
  ],
  "Conflicts": [],
  "ResolvedDependencies": {
    "AvalonEdit": {
      "Id": "AvalonEdit",
      "Version": "5.0.3",
      "Dependencies": []
    },
    "BouncyCastle": {
      "Id": "BouncyCastle",
      "Version": "1.8.5",
      "Dependencies": []
    },
    "ClosedXML": {
      "Id": "ClosedXML",
      "Version": "0.94.2",
      "Dependencies": [
        {
          "Item1": "DocumentFormat.OpenXml",
          "Item2": "[2.7.2, )"
        },
        {
          "Item1": "ExcelNumberFormat",
          "Item2": "[1.0.3, )"
        },
        {
          "Item1": "FastMember",
          "Item2": "[1.3.0, )"
        }
      ]
    },
    "CsvHelper": {
      "Id": "CsvHelper",
      "Version": "2.13.5",
      "Dependencies": []
    },
    "DocumentFormat.OpenXml": {
      "Id": "DocumentFormat.OpenXml",
      "Version": "2.7.2",
      "Dependencies": [
        {
          "Item1": "System.IO.Packaging",
          "Item2": "[4.0.0, )"
        }
      ]
    },
    "ExcelNumberFormat": {
      "Id": "ExcelNumberFormat",
      "Version": "1.0.3",
      "Dependencies": []
    },
    "FastMember": {
      "Id": "FastMember",
      "Version": "1.3.0",
      "Dependencies": []
    },
    "interop.domino.dll": {
      "Id": "interop.domino.dll",
      "Version": "1.0.0",
      "Dependencies": []
    },
    "Microsoft.AspNet.SignalR.Client": {
      "Id": "Microsoft.AspNet.SignalR.Client",
      "Version": "2.4.0",
      "Dependencies": [
        {
          "Item1": "Newtonsoft.Json",
          "Item2": "[6.0.4, )"
        }
      ]
    },
    "Microsoft.Exchange.WebServices": {
      "Id": "Microsoft.Exchange.WebServices",
      "Version": "2.2.0",
      "Dependencies": []
    },
    "Microsoft.Graph": {
      "Id": "Microsoft.Graph",
      "Version": "1.12.0",
      "Dependencies": [
        {
          "Item1": "Microsoft.Graph.Core",
          "Item2": "[1.12.0, )"
        },
        {
          "Item1": "Newtonsoft.Json",
          "Item2": "[6.0.1, 12.0.0)"
        }
      ]
    },
    "Microsoft.Graph.Core": {
      "Id": "Microsoft.Graph.Core",
      "Version": "1.12.0",
      "Dependencies": [
        {
          "Item1": "Newtonsoft.Json",
          "Item2": "[6.0.1, 12.0.0)"
        }
      ]
    },
    "Microsoft.Identity.Client": {
      "Id": "Microsoft.Identity.Client",
      "Version": "2.7.1",
      "Dependencies": []
    },
    "Microsoft.Rest.ClientRuntime": {
      "Id": "Microsoft.Rest.ClientRuntime",
      "Version": "2.3.20",
      "Dependencies": [
        {
          "Item1": "Newtonsoft.Json",
          "Item2": "[10.0.3, )"
        }
      ]
    },
    "Microsoft.VisualStudio.OLE.Interop": {
      "Id": "Microsoft.VisualStudio.OLE.Interop",
      "Version": "7.10.6071",
      "Dependencies": []
    },
    "MimeKit": {
      "Id": "MimeKit",
      "Version": "2.1.3",
      "Dependencies": [
        {
          "Item1": "BouncyCastle",
          "Item2": "[1.8.2, )"
        }
      ]
    },
    "Newtonsoft.Json": {
      "Id": "Newtonsoft.Json",
      "Version": "11.0.2",
      "Dependencies": []
    },
    "NPOI": {
      "Id": "NPOI",
      "Version": "2.4.1",
      "Dependencies": [
        {
          "Item1": "SharpZipLib",
          "Item2": "[1.0.0, )"
        }
      ]
    },
    "RestSharp": {
      "Id": "RestSharp",
      "Version": "106.3.1",
      "Dependencies": []
    },
    "SharpZipLib": {
      "Id": "SharpZipLib",
      "Version": "1.0.0",
      "Dependencies": []
    },
    "System.IO.FileSystem.Primitives": {
      "Id": "System.IO.FileSystem.Primitives",
      "Version": "4.0.1",
      "Dependencies": []
    },
    "System.IO.Packaging": {
      "Id": "System.IO.Packaging",
      "Version": "4.0.0",
      "Dependencies": [
        {
          "Item1": "System.IO.FileSystem.Primitives",
          "Item2": "[4.0.1, )"
        }
      ]
    },
    "System.Runtime.CompilerServices.Unsafe": {
      "Id": "System.Runtime.CompilerServices.Unsafe",
      "Version": "4.5.2",
      "Dependencies": []
    },
    "System.ValueTuple": {
      "Id": "System.ValueTuple",
      "Version": "4.5.0",
      "Dependencies": []
    },
    "UiPath.CefSharpBundle": {
      "Id": "UiPath.CefSharpBundle",
      "Version": "1.2.0",
      "Dependencies": []
    },
    "UiPath.Excel.Activities": {
      "Id": "UiPath.Excel.Activities",
      "Version": "2.8.5",
      "Dependencies": [
        {
          "Item1": "ClosedXML",
          "Item2": "[0.87.1, )"
        },
        {
          "Item1": "CsvHelper",
          "Item2": "[2.13.5, )"
        },
        {
          "Item1": "DocumentFormat.OpenXml",
          "Item2": "[2.5.0, )"
        },
        {
          "Item1": "Microsoft.VisualStudio.OLE.Interop",
          "Item2": "[7.10.6071, )"
        },
        {
          "Item1": "NPOI",
          "Item2": "[2.4.1, )"
        },
        {
          "Item1": "SharpZipLib",
          "Item2": "[1.0.0, )"
        }
      ]
    },
    "UiPath.FormActivityLibrary": {
      "Id": "UiPath.FormActivityLibrary",
      "Version": "1.1.2",
      "Dependencies": [
        {
          "Item1": "Newtonsoft.Json",
          "Item2": "[11.0.2, )"
        },
        {
          "Item1": "UiPath.FormActivityLibrary.Contracts",
          "Item2": "[1.1.1, )"
        },
        {
          "Item1": "System.Runtime.CompilerServices.Unsafe",
          "Item2": "[4.5.2, )"
        },
        {
          "Item1": "System.ValueTuple",
          "Item2": "[4.5.0, )"
        },
        {
          "Item1": "UiPath.CefSharpBundle",
          "Item2": "[1.2.0, )"
        }
      ]
    },
    "UiPath.FormActivityLibrary.Contracts": {
      "Id": "UiPath.FormActivityLibrary.Contracts",
      "Version": "1.1.1",
      "Dependencies": []
    },
    "UiPath.Mail.Activities": {
      "Id": "UiPath.Mail.Activities",
      "Version": "1.8.5",
      "Dependencies": [
        {
          "Item1": "System.ValueTuple",
          "Item2": "[4.5.0, )"
        },
        {
          "Item1": "Microsoft.Exchange.WebServices",
          "Item2": "[2.2.0, )"
        },
        {
          "Item1": "BouncyCastle",
          "Item2": "[1.8.5, )"
        },
        {
          "Item1": "interop.domino.dll",
          "Item2": "[1.0.0, )"
        }
      ]
    },
    "UiPath.MicrosoftOffice365.Activities": {
      "Id": "UiPath.MicrosoftOffice365.Activities",
      "Version": "1.2.1",
      "Dependencies": [
        {
          "Item1": "BouncyCastle",
          "Item2": "[1.8.2, )"
        },
        {
          "Item1": "ClosedXML",
          "Item2": "[0.94.2, )"
        },
        {
          "Item1": "DocumentFormat.OpenXml",
          "Item2": "[2.7.2, )"
        },
        {
          "Item1": "ExcelNumberFormat",
          "Item2": "[1.0.3, )"
        },
        {
          "Item1": "FastMember",
          "Item2": "[1.3.0, )"
        },
        {
          "Item1": "Microsoft.Graph",
          "Item2": "[1.12.0, )"
        },
        {
          "Item1": "Microsoft.Graph.Core",
          "Item2": "[1.12.0, )"
        },
        {
          "Item1": "Microsoft.Identity.Client",
          "Item2": "[2.7.1, )"
        },
        {
          "Item1": "MimeKit",
          "Item2": "[2.1.3, )"
        },
        {
          "Item1": "Newtonsoft.Json",
          "Item2": "[10.0.3, )"
        },
        {
          "Item1": "System.IO.FileSystem.Primitives",
          "Item2": "[4.0.1, )"
        },
        {
          "Item1": "System.IO.Packaging",
          "Item2": "[4.0.0, )"
        },
        {
          "Item1": "System.Runtime.CompilerServices.Unsafe",
          "Item2": "[4.5.1, )"
        }
      ]
    },
    "UiPath.MLServices.Activities": {
      "Id": "UiPath.MLServices.Activities",
      "Version": "1.1.0.22289-preview",
      "Dependencies": [
        {
          "Item1": "Newtonsoft.Json",
          "Item2": "[11.0.2, )"
        }
      ]
    },
    "UiPath.Persistence.Activities": {
      "Id": "UiPath.Persistence.Activities",
      "Version": "1.1.3",
      "Dependencies": [
        {
          "Item1": "UiPath.FormActivityLibrary.Contracts",
          "Item2": "[1.1.1, )"
        },
        {
          "Item1": "Microsoft.Rest.ClientRuntime",
          "Item2": "[2.3.20, )"
        },
        {
          "Item1": "Newtonsoft.Json",
          "Item2": "[11.0.2, )"
        }
      ]
    },
    "UiPath.System.Activities": {
      "Id": "UiPath.System.Activities",
      "Version": "20.4.0",
      "Dependencies": [
        {
          "Item1": "CsvHelper",
          "Item2": "[2.13.5, )"
        },
        {
          "Item1": "Microsoft.AspNet.SignalR.Client",
          "Item2": "[2.4.0, )"
        },
        {
          "Item1": "Microsoft.Rest.ClientRuntime",
          "Item2": "[2.3.20, )"
        },
        {
          "Item1": "Newtonsoft.Json",
          "Item2": "[11.0.2, )"
        }
      ]
    },
    "UiPath.WebAPI.Activities": {
      "Id": "UiPath.WebAPI.Activities",
      "Version": "1.4.5",
      "Dependencies": [
        {
          "Item1": "AvalonEdit",
          "Item2": "[5.0.3, )"
        },
        {
          "Item1": "Newtonsoft.Json",
          "Item2": "[11.0.2, )"
        },
        {
          "Item1": "RestSharp",
          "Item2": "[106.3.1, )"
        }
      ]
    }
  },
  "AllPackages": [
    {
      "Package": {
        "Id": "AvalonEdit",
        "Version": "5.0.3"
      },
      "Assemblies": [
        "C:\\Users\\razvan.petria\\.nuget\\packages\\avalonedit\\5.0.3\\lib\\Net40\\ICSharpCode.AvalonEdit.dll"
      ],
      "Path": "C:\\Users\\razvan.petria\\.nuget\\packages\\avalonedit\\5.0.3"
    },
    {
      "Package": {
        "Id": "BouncyCastle",
        "Version": "1.8.5"
      },
      "Assemblies": [
        "C:\\Users\\razvan.petria\\.nuget\\packages\\bouncycastle\\1.8.5\\lib\\BouncyCastle.Crypto.dll"
      ],
      "Path": "C:\\Users\\razvan.petria\\.nuget\\packages\\bouncycastle\\1.8.5"
    },
    {
      "Package": {
        "Id": "ClosedXML",
        "Version": "0.94.2"
      },
      "Assemblies": [
        "C:\\Users\\razvan.petria\\.nuget\\packages\\closedxml\\0.94.2\\lib\\net46\\ClosedXML.dll"
      ],
      "Path": "C:\\Users\\razvan.petria\\.nuget\\packages\\closedxml\\0.94.2"
    },
    {
      "Package": {
        "Id": "CsvHelper",
        "Version": "2.13.5"
      },
      "Assemblies": [
        "C:\\Users\\razvan.petria\\.nuget\\packages\\csvhelper\\2.13.5\\lib\\net40-client\\CsvHelper.dll"
      ],
      "Path": "C:\\Users\\razvan.petria\\.nuget\\packages\\csvhelper\\2.13.5"
    },
    {
      "Package": {
        "Id": "DocumentFormat.OpenXml",
        "Version": "2.7.2"
      },
      "Assemblies": [
        "C:\\Users\\razvan.petria\\.nuget\\packages\\documentformat.openxml\\2.7.2\\lib\\net46\\DocumentFormat.OpenXml.dll"
      ],
      "Path": "C:\\Users\\razvan.petria\\.nuget\\packages\\documentformat.openxml\\2.7.2"
    },
    {
      "Package": {
        "Id": "ExcelNumberFormat",
        "Version": "1.0.3"
      },
      "Assemblies": [
        "C:\\Users\\razvan.petria\\.nuget\\packages\\excelnumberformat\\1.0.3\\lib\\net20\\ExcelNumberFormat.dll"
      ],
      "Path": "C:\\Users\\razvan.petria\\.nuget\\packages\\excelnumberformat\\1.0.3"
    },
    {
      "Package": {
        "Id": "FastMember",
        "Version": "1.3.0"
      },
      "Assemblies": [
        "C:\\Users\\razvan.petria\\.nuget\\packages\\fastmember\\1.3.0\\lib\\net45\\FastMember.dll"
      ],
      "Path": "C:\\Users\\razvan.petria\\.nuget\\packages\\fastmember\\1.3.0"
    },
    {
      "Package": {
        "Id": "interop.domino.dll",
        "Version": "1.0.0"
      },
      "Assemblies": [
        "C:\\Users\\razvan.petria\\.nuget\\packages\\interop.domino.dll\\1.0.0\\lib\\Interop.Domino.dll"
      ],
      "Path": "C:\\Users\\razvan.petria\\.nuget\\packages\\interop.domino.dll\\1.0.0"
    },
    {
      "Package": {
        "Id": "Microsoft.AspNet.SignalR.Client",
        "Version": "2.4.0"
      },
      "Assemblies": [
        "C:\\Users\\razvan.petria\\.nuget\\packages\\microsoft.aspnet.signalr.client\\2.4.0\\lib\\net45\\Microsoft.AspNet.SignalR.Client.dll"
      ],
      "Path": "C:\\Users\\razvan.petria\\.nuget\\packages\\microsoft.aspnet.signalr.client\\2.4.0"
    },
    {
      "Package": {
        "Id": "Microsoft.Exchange.WebServices",
        "Version": "2.2.0"
      },
      "Assemblies": [
        "C:\\Users\\razvan.petria\\.nuget\\packages\\microsoft.exchange.webservices\\2.2.0\\lib\\40\\Microsoft.Exchange.WebServices.Auth.dll",
        "C:\\Users\\razvan.petria\\.nuget\\packages\\microsoft.exchange.webservices\\2.2.0\\lib\\40\\Microsoft.Exchange.WebServices.dll"
      ],
      "Path": "C:\\Users\\razvan.petria\\.nuget\\packages\\microsoft.exchange.webservices\\2.2.0"
    },
    {
      "Package": {
        "Id": "Microsoft.Graph",
        "Version": "1.12.0"
      },
      "Assemblies": [
        "C:\\Users\\razvan.petria\\.nuget\\packages\\microsoft.graph\\1.12.0\\lib\\net45\\Microsoft.Graph.dll"
      ],
      "Path": "C:\\Users\\razvan.petria\\.nuget\\packages\\microsoft.graph\\1.12.0"
    },
    {
      "Package": {
        "Id": "Microsoft.Graph.Core",
        "Version": "1.12.0"
      },
      "Assemblies": [
        "C:\\Users\\razvan.petria\\.nuget\\packages\\microsoft.graph.core\\1.12.0\\lib\\net45\\Microsoft.Graph.Core.dll"
      ],
      "Path": "C:\\Users\\razvan.petria\\.nuget\\packages\\microsoft.graph.core\\1.12.0"
    },
    {
      "Package": {
        "Id": "Microsoft.Identity.Client",
        "Version": "2.7.1"
      },
      "Assemblies": [
        "C:\\Users\\razvan.petria\\.nuget\\packages\\microsoft.identity.client\\2.7.1\\lib\\net45\\Microsoft.Identity.Client.dll"
      ],
      "Path": "C:\\Users\\razvan.petria\\.nuget\\packages\\microsoft.identity.client\\2.7.1"
    },
    {
      "Package": {
        "Id": "Microsoft.Rest.ClientRuntime",
        "Version": "2.3.20"
      },
      "Assemblies": [
        "C:\\Users\\razvan.petria\\.nuget\\packages\\microsoft.rest.clientruntime\\2.3.20\\lib\\net461\\Microsoft.Rest.ClientRuntime.dll"
      ],
      "Path": "C:\\Users\\razvan.petria\\.nuget\\packages\\microsoft.rest.clientruntime\\2.3.20"
    },
    {
      "Package": {
        "Id": "Microsoft.VisualStudio.OLE.Interop",
        "Version": "7.10.6071"
      },
      "Assemblies": [
        "C:\\Users\\razvan.petria\\.nuget\\packages\\microsoft.visualstudio.ole.interop\\7.10.6071\\lib\\Microsoft.VisualStudio.OLE.Interop.dll"
      ],
      "Path": "C:\\Users\\razvan.petria\\.nuget\\packages\\microsoft.visualstudio.ole.interop\\7.10.6071"
    },
    {
      "Package": {
        "Id": "MimeKit",
        "Version": "2.1.3"
      },
      "Assemblies": [
        "C:\\Users\\razvan.petria\\.nuget\\packages\\mimekit\\2.1.3\\lib\\net45\\MimeKit.dll"
      ],
      "Path": "C:\\Users\\razvan.petria\\.nuget\\packages\\mimekit\\2.1.3"
    },
    {
      "Package": {
        "Id": "Newtonsoft.Json",
        "Version": "11.0.2"
      },
      "Assemblies": [
        "C:\\Users\\razvan.petria\\.nuget\\packages\\newtonsoft.json\\11.0.2\\lib\\net45\\Newtonsoft.Json.dll"
      ],
      "Path": "C:\\Users\\razvan.petria\\.nuget\\packages\\newtonsoft.json\\11.0.2"
    },
    {
      "Package": {
        "Id": "NPOI",
        "Version": "2.4.1"
      },
      "Assemblies": [
        "C:\\Users\\razvan.petria\\.nuget\\packages\\npoi\\2.4.1\\lib\\net45\\NPOI.OOXML.dll",
        "C:\\Users\\razvan.petria\\.nuget\\packages\\npoi\\2.4.1\\lib\\net45\\NPOI.OpenXml4Net.dll",
        "C:\\Users\\razvan.petria\\.nuget\\packages\\npoi\\2.4.1\\lib\\net45\\NPOI.OpenXmlFormats.dll",
        "C:\\Users\\razvan.petria\\.nuget\\packages\\npoi\\2.4.1\\lib\\net45\\NPOI.dll"
      ],
      "Path": "C:\\Users\\razvan.petria\\.nuget\\packages\\npoi\\2.4.1"
    },
    {
      "Package": {
        "Id": "RestSharp",
        "Version": "106.3.1"
      },
      "Assemblies": [
        "C:\\Users\\razvan.petria\\.nuget\\packages\\restsharp\\106.3.1\\lib\\net452\\RestSharp.dll"
      ],
      "Path": "C:\\Users\\razvan.petria\\.nuget\\packages\\restsharp\\106.3.1"
    },
    {
      "Package": {
        "Id": "SharpZipLib",
        "Version": "1.0.0"
      },
      "Assemblies": [
        "C:\\Users\\razvan.petria\\.nuget\\packages\\sharpziplib\\1.0.0\\lib\\net45\\ICSharpCode.SharpZipLib.dll"
      ],
      "Path": "C:\\Users\\razvan.petria\\.nuget\\packages\\sharpziplib\\1.0.0"
    },
    {
      "Package": {
        "Id": "System.IO.FileSystem.Primitives",
        "Version": "4.0.1"
      },
      "Assemblies": [
        "C:\\Users\\razvan.petria\\.nuget\\packages\\system.io.filesystem.primitives\\4.0.1\\lib\\net46\\System.IO.FileSystem.Primitives.dll"
      ],
      "Path": "C:\\Users\\razvan.petria\\.nuget\\packages\\system.io.filesystem.primitives\\4.0.1"
    },
    {
      "Package": {
        "Id": "System.IO.Packaging",
        "Version": "4.0.0"
      },
      "Assemblies": [
        "C:\\Users\\razvan.petria\\.nuget\\packages\\system.io.packaging\\4.0.0\\lib\\net46\\System.IO.Packaging.dll"
      ],
      "Path": "C:\\Users\\razvan.petria\\.nuget\\packages\\system.io.packaging\\4.0.0"
    },
    {
      "Package": {
        "Id": "System.Runtime.CompilerServices.Unsafe",
        "Version": "4.5.2"
      },
      "Assemblies": [
        "C:\\Users\\razvan.petria\\.nuget\\packages\\system.runtime.compilerservices.unsafe\\4.5.2\\lib\\netstandard2.0\\System.Runtime.CompilerServices.Unsafe.dll"
      ],
      "Path": "C:\\Users\\razvan.petria\\.nuget\\packages\\system.runtime.compilerservices.unsafe\\4.5.2"
    },
    {
      "Package": {
        "Id": "System.ValueTuple",
        "Version": "4.5.0"
      },
      "Assemblies": [
        "C:\\Users\\razvan.petria\\.nuget\\packages\\system.valuetuple\\4.5.0\\lib\\net461\\System.ValueTuple.dll"
      ],
      "Path": "C:\\Users\\razvan.petria\\.nuget\\packages\\system.valuetuple\\4.5.0"
    },
    {
      "Package": {
        "Id": "UiPath.CefSharpBundle",
        "Version": "1.2.0"
      },
      "Assemblies": [
        "C:\\Users\\razvan.petria\\.nuget\\packages\\uipath.cefsharpbundle\\1.2.0\\lib\\net452\\CefSharp.Core.dll",
        "C:\\Users\\razvan.petria\\.nuget\\packages\\uipath.cefsharpbundle\\1.2.0\\lib\\net452\\CefSharp.Wpf.dll",
        "C:\\Users\\razvan.petria\\.nuget\\packages\\uipath.cefsharpbundle\\1.2.0\\lib\\net452\\CefSharp.dll"
      ],
      "Path": "C:\\Users\\razvan.petria\\.nuget\\packages\\uipath.cefsharpbundle\\1.2.0"
    },
    {
      "Package": {
        "Id": "UiPath.Excel.Activities",
        "Version": "2.8.5"
      },
      "Assemblies": [
        "C:\\Users\\razvan.petria\\.nuget\\packages\\uipath.excel.activities\\2.8.5\\lib\\net461\\UiPath.Excel.Activities.Design.dll",
        "C:\\Users\\razvan.petria\\.nuget\\packages\\uipath.excel.activities\\2.8.5\\lib\\net461\\UiPath.Excel.Activities.dll",
        "C:\\Users\\razvan.petria\\.nuget\\packages\\uipath.excel.activities\\2.8.5\\lib\\net461\\UiPath.Excel.dll"
      ],
      "Path": "C:\\Users\\razvan.petria\\.nuget\\packages\\uipath.excel.activities\\2.8.5"
    },
    {
      "Package": {
        "Id": "UiPath.FormActivityLibrary",
        "Version": "1.1.2"
      },
      "Assemblies": [
        "C:\\Users\\razvan.petria\\.nuget\\packages\\uipath.formactivitylibrary\\1.1.2\\lib\\net461\\UiPath.Form.ActivityLibrary.dll",
        "C:\\Users\\razvan.petria\\.nuget\\packages\\uipath.formactivitylibrary\\1.1.2\\lib\\net461\\UiPath.Form.Host.Local.dll",
        "C:\\Users\\razvan.petria\\.nuget\\packages\\uipath.formactivitylibrary\\1.1.2\\lib\\net461\\UiPath.Form.dll",
        "C:\\Users\\razvan.petria\\.nuget\\packages\\uipath.formactivitylibrary\\1.1.2\\lib\\net461\\UiPath.OutOfProcessUi.Common.dll",
        "C:\\Users\\razvan.petria\\.nuget\\packages\\uipath.formactivitylibrary\\1.1.2\\lib\\net461\\UiPath.OutOfProcessUi.Host.WCF.exe"
      ],
      "Path": "C:\\Users\\razvan.petria\\.nuget\\packages\\uipath.formactivitylibrary\\1.1.2"
    },
    {
      "Package": {
        "Id": "UiPath.FormActivityLibrary.Contracts",
        "Version": "1.1.1"
      },
      "Assemblies": [
        "C:\\Users\\razvan.petria\\.nuget\\packages\\uipath.formactivitylibrary.contracts\\1.1.1\\lib\\net461\\UiPath.Form.ActivityLibrary.Contracts.dll"
      ],
      "Path": "C:\\Users\\razvan.petria\\.nuget\\packages\\uipath.formactivitylibrary.contracts\\1.1.1"
    },
    {
      "Package": {
        "Id": "UiPath.Mail.Activities",
        "Version": "1.8.5"
      },
      "Assemblies": [
        "C:\\Users\\razvan.petria\\.nuget\\packages\\uipath.mail.activities\\1.8.5\\lib\\net461\\MailKit.dll",
        "C:\\Users\\razvan.petria\\.nuget\\packages\\uipath.mail.activities\\1.8.5\\lib\\net461\\MimeKit.dll",
        "C:\\Users\\razvan.petria\\.nuget\\packages\\uipath.mail.activities\\1.8.5\\lib\\net461\\UiPath.Mail.Activities.Design.dll",
        "C:\\Users\\razvan.petria\\.nuget\\packages\\uipath.mail.activities\\1.8.5\\lib\\net461\\UiPath.Mail.Activities.dll",
        "C:\\Users\\razvan.petria\\.nuget\\packages\\uipath.mail.activities\\1.8.5\\lib\\net461\\UiPath.Mail.dll"
      ],
      "Path": "C:\\Users\\razvan.petria\\.nuget\\packages\\uipath.mail.activities\\1.8.5"
    },
    {
      "Package": {
        "Id": "UiPath.MicrosoftOffice365.Activities",
        "Version": "1.2.1"
      },
      "Assemblies": [
        "C:\\Users\\razvan.petria\\.nuget\\packages\\uipath.microsoftoffice365.activities\\1.2.1\\lib\\net461\\UiPath.MicrosoftOffice365.Activities.Design.dll",
        "C:\\Users\\razvan.petria\\.nuget\\packages\\uipath.microsoftoffice365.activities\\1.2.1\\lib\\net461\\UiPath.MicrosoftOffice365.Activities.dll",
        "C:\\Users\\razvan.petria\\.nuget\\packages\\uipath.microsoftoffice365.activities\\1.2.1\\lib\\net461\\UiPath.MicrosoftOffice365.dll"
      ],
      "Path": "C:\\Users\\razvan.petria\\.nuget\\packages\\uipath.microsoftoffice365.activities\\1.2.1"
    },
    {
      "Package": {
        "Id": "UiPath.MLServices.Activities",
        "Version": "1.1.0.22289-preview"
      },
      "Assemblies": [
        "C:\\Users\\razvan.petria\\.nuget\\packages\\uipath.mlservices.activities\\1.1.0.22289-preview\\lib\\net461\\UiPath.MLServices.Activities.Design.dll",
        "C:\\Users\\razvan.petria\\.nuget\\packages\\uipath.mlservices.activities\\1.1.0.22289-preview\\lib\\net461\\UiPath.MLServices.Activities.dll",
        "C:\\Users\\razvan.petria\\.nuget\\packages\\uipath.mlservices.activities\\1.1.0.22289-preview\\lib\\net461\\UiPath.MLServices.dll"
      ],
      "Path": "C:\\Users\\razvan.petria\\.nuget\\packages\\uipath.mlservices.activities\\1.1.0.22289-preview"
    },
    {
      "Package": {
        "Id": "UiPath.Persistence.Activities",
        "Version": "1.1.3"
      },
      "Assemblies": [
        "C:\\Users\\razvan.petria\\.nuget\\packages\\uipath.persistence.activities\\1.1.3\\lib\\net461\\UiPath.Orchestrator.Service.dll",
        "C:\\Users\\razvan.petria\\.nuget\\packages\\uipath.persistence.activities\\1.1.3\\lib\\net461\\UiPath.Persistence.Activities.Design.dll",
        "C:\\Users\\razvan.petria\\.nuget\\packages\\uipath.persistence.activities\\1.1.3\\lib\\net461\\UiPath.Persistence.Activities.dll",
        "C:\\Users\\razvan.petria\\.nuget\\packages\\uipath.persistence.activities\\1.1.3\\lib\\net461\\UiPath.Persistence.Orchestrator.Client.dll"
      ],
      "Path": "C:\\Users\\razvan.petria\\.nuget\\packages\\uipath.persistence.activities\\1.1.3"
    },
    {
      "Package": {
        "Id": "UiPath.System.Activities",
        "Version": "20.4.0"
      },
      "Assemblies": [
        "C:\\Users\\razvan.petria\\.nuget\\packages\\uipath.system.activities\\20.4.0\\lib\\net461\\ActiproSoftware.Docking.Wpf.dll",
        "C:\\Users\\razvan.petria\\.nuget\\packages\\uipath.system.activities\\20.4.0\\lib\\net461\\ActiproSoftware.Ribbon.Wpf.dll",
        "C:\\Users\\razvan.petria\\.nuget\\packages\\uipath.system.activities\\20.4.0\\lib\\net461\\ActiproSoftware.Shared.Wpf.dll",
        "C:\\Users\\razvan.petria\\.nuget\\packages\\uipath.system.activities\\20.4.0\\lib\\net461\\ActiproSoftware.SyntaxEditor.Addons.DotNet.Wpf.dll",
        "C:\\Users\\razvan.petria\\.nuget\\packages\\uipath.system.activities\\20.4.0\\lib\\net461\\ActiproSoftware.SyntaxEditor.Wpf.dll",
        "C:\\Users\\razvan.petria\\.nuget\\packages\\uipath.system.activities\\20.4.0\\lib\\net461\\ActiproSoftware.Text.Addons.DotNet.Wpf.dll",
        "C:\\Users\\razvan.petria\\.nuget\\packages\\uipath.system.activities\\20.4.0\\lib\\net461\\ActiproSoftware.Text.LLParser.Wpf.dll",
        "C:\\Users\\razvan.petria\\.nuget\\packages\\uipath.system.activities\\20.4.0\\lib\\net461\\ActiproSoftware.Text.Wpf.dll",
        "C:\\Users\\razvan.petria\\.nuget\\packages\\uipath.system.activities\\20.4.0\\lib\\net461\\ActiproSoftware.Wizard.Wpf.dll",
        "C:\\Users\\razvan.petria\\.nuget\\packages\\uipath.system.activities\\20.4.0\\lib\\net461\\CustomInputForm.exe",
        "C:\\Users\\razvan.petria\\.nuget\\packages\\uipath.system.activities\\20.4.0\\lib\\net461\\UiPath.OrchestratorClient.dll",
        "C:\\Users\\razvan.petria\\.nuget\\packages\\uipath.system.activities\\20.4.0\\lib\\net461\\UiPath.System.Activities.Design.dll",
        "C:\\Users\\razvan.petria\\.nuget\\packages\\uipath.system.activities\\20.4.0\\lib\\net461\\UiPath.System.Activities.dll"
      ],
      "Path": "C:\\Users\\razvan.petria\\.nuget\\packages\\uipath.system.activities\\20.4.0"
    },
    {
      "Package": {
        "Id": "UiPath.WebAPI.Activities",
        "Version": "1.4.5"
      },
      "Assemblies": [
        "C:\\Users\\razvan.petria\\.nuget\\packages\\uipath.webapi.activities\\1.4.5\\lib\\net452\\UiPath.Web.Activities.Design.dll",
        "C:\\Users\\razvan.petria\\.nuget\\packages\\uipath.webapi.activities\\1.4.5\\lib\\net452\\UiPath.Web.Activities.dll",
        "C:\\Users\\razvan.petria\\.nuget\\packages\\uipath.webapi.activities\\1.4.5\\lib\\net452\\UiPath.Web.dll"
      ],
      "Path": "C:\\Users\\razvan.petria\\.nuget\\packages\\uipath.webapi.activities\\1.4.5"
    }
  ]
}