{"ProjectBreakpoints":"{\"Value\":{\"Get_Email.xaml\":[{\"ConditionalExpression\":null,\"ActionExpression\":null,\"ExpectedHitCounter\":null,\"ShouldContinueAfterAction\":false,\"IsEnabled\":true,\"ActivityIdRef\":\"GetMail_1\",\"ActivityId\":\"1.26\",\"ActivityName\":\"Get Mail\"}]}}","ProjectWatches":"{\"Value\":[]}","OpenedDocuments":"[\"Classify Email.xaml\",\"Initialize.xaml\",\"Main.xaml\",\"Move_To_Classified_Folder.xaml\"]","LibraryProjectSettings":"{\"IncludeSourcesByDefault\":true,\"UseCSharpCompiler\":false,\"DefaultActivitiesRootCategories\":[null]}"}